14:45:2.634,-1,-1,-1,0.517892,0.337164,2582.544922,0.514469,0.380955,2584.107422,0.506509,0.493399,2622.002930,0.504046,0.565173,2592.588867,0.512337,0.411073,2594.149902,0.562086,0.421556,2627.866211,0.572668,0.510780,2730.663818,0.543571,0.502598,2486.147949,0.537051,0.500765,2437.244873,-1,-1,-1,0.512337,0.411073,2594.149902,0.461421,0.411053,2554.744385,0.436288,0.506224,2522.930908,0.438119,0.598667,2378.368164,0.438512,0.618521,2349.455566,-1,-1,-1,0.531101,0.569037,2619.104248,-1,-1,-1,-1,-1,-1,-1,-1,-1,0.475859,0.566991,2604.703613,-1,-1,-1,-1,-1,-1,-1,-1,-1
14:45:2.665,-1,-1,-1,0.520963,0.335410,2552.807861,0.515027,0.378765,2571.600098,0.506899,0.493681,2584.867676,0.505610,0.566209,2545.754639,0.512889,0.408994,2575.076904,0.563852,0.419451,2597.763672,0.574983,0.511546,2686.739502,0.547970,0.517887,2442.254395,0.541905,0.519311,2393.357422,-1,-1,-1,0.512889,0.408994,2575.076904,0.461209,0.403520,2522.368164,0.435069,0.499078,2479.824219,0.440018,0.593164,2350.525391,0.441073,0.613237,2324.665527,-1,-1,-1,0.533839,0.558811,2569.946045,-1,-1,-1,-1,-1,-1,-1,-1,-1,0.477042,0.559562,2555.435791,-1,-1,-1,-1,-1,-1,-1,-1,-1
14:45:2.696,-1,-1,-1,0.522859,0.333697,2517.618164,0.515565,0.376192,2549.762207,0.506782,0.493120,2549.202637,0.506229,0.566581,2507.834717,0.513284,0.406558,2549.616943,0.565191,0.417463,2553.985596,0.575595,0.507311,2663.918701,0.550325,0.523288,2423.055664,0.544656,0.526873,2374.883057,-1,-1,-1,0.513284,0.406558,2549.616943,0.462213,0.400664,2489.393555,0.434128,0.495112,2437.854736,0.437936,0.586867,2297.033691,0.438754,0.606585,2268.869385,-1,-1,-1,0.533659,0.561202,2540.271973,-1,-1,-1,-1,-1,-1,-1,-1,-1,0.477612,0.559233,2522.790039,-1,-1,-1,-1,-1,-1,-1,-1,-1
14:45:2.726,-1,-1,-1,0.524633,0.331778,2485.856689,0.516195,0.374296,2525.551758,0.506910,0.493088,2519.021729,0.506587,0.567430,2477.331787,0.513805,0.404876,2523.867432,0.565696,0.416179,2539.625244,0.575827,0.508981,2630.076172,0.552234,0.525938,2389.558594,0.546934,0.529748,2341.455078,-1,-1,-1,0.513805,0.404876,2523.867432,0.462276,0.400274,2474.073730,0.435031,0.493426,2401.561768,0.437575,0.579217,2237.009277,0.438129,0.597913,2204.098877,-1,-1,-1,0.533809,0.562135,2513.891602,-1,-1,-1,-1,-1,-1,-1,-1,-1,0.477888,0.560103,2497.970703,-1,-1,-1,-1,-1,-1,-1,-1,-1
14:45:2.757,-1,-1,-1,0.525886,0.330407,2449.654541,0.517168,0.372922,2498.018311,0.507217,0.493672,2498.854004,0.506857,0.568629,2457.075195,0.514616,0.403900,2498.232666,0.567118,0.415247,2504.421387,0.576728,0.505675,2617.718262,0.555024,0.514246,2374.373535,0.550138,0.516176,2325.704590,-1,-1,-1,0.514616,0.403900,2498.232666,0.464224,0.398194,2428.827637,0.434902,0.492157,2358.354492,0.443787,0.578966,2200.688477,0.445719,0.597842,2169.155273,-1,-1,-1,0.534383,0.563872,2493.933594,-1,-1,-1,-1,-1,-1,-1,-1,-1,0.477630,0.561298,2475.160400,-1,-1,-1,-1,-1,-1,-1,-1,-1
14:45:2.790,-1,-1,-1,0.525972,0.328090,2416.925293,0.518469,0.371368,2469.485352,0.508299,0.492285,2481.481689,0.507329,0.567937,2443.824219,0.515826,0.402789,2472.591553,0.568365,0.413120,2494.938477,0.578877,0.504973,2597.799561,0.554794,0.502293,2359.198730,0.549380,0.501691,2311.478516,-1,-1,-1,0.515826,0.402789,2472.591553,0.464997,0.397689,2406.316406,0.435516,0.492977,2345.651855,0.446275,0.572922,2170.358154,0.448639,0.590487,2135.299316,-1,-1,-1,0.534400,0.563272,2488.829102,-1,-1,-1,-1,-1,-1,-1,-1,-1,0.477604,0.561287,2456.609863,-1,-1,-1,-1,-1,-1,-1,-1,-1
14:45:2.840,-1,-1,-1,0.525975,0.325235,2384.572510,0.520156,0.369578,2438.834961,0.510362,0.490970,2463.812988,0.508977,0.567334,2431.145264,0.517582,0.401478,2445.349609,0.571155,0.410127,2456.930420,0.581489,0.502020,2566.533691,0.551893,0.492631,2339.567871,0.545271,0.490530,2294.174805,-1,-1,-1,0.517582,0.401478,2445.349609,0.466922,0.396449,2373.881592,0.436394,0.493698,2334.188232,0.453016,0.560725,2136.924072,0.456716,0.575643,2097.471191,-1,-1,-1,0.536500,0.562604,2474.311523,-1,-1,-1,-1,-1,-1,-1,-1,-1,0.478874,0.560970,2436.297852,-1,-1,-1,-1,-1,-1,-1,-1,-1
14:45:2.875,-1,-1,-1,0.526096,0.322267,2365.961426,0.521800,0.367927,2411.808838,0.513071,0.489986,2447.165039,0.511705,0.566999,2418.964111,0.519489,0.400244,2421.070068,0.571848,0.407041,2456.273438,0.582643,0.501454,2544.091309,0.549820,0.494977,2318.015137,0.542472,0.493527,2272.799805,-1,-1,-1,0.519489,0.400244,2421.070068,0.466471,0.394989,2373.317383,0.437687,0.491275,2318.833740,0.458836,0.557053,2118.916992,0.463554,0.571727,2078.933594,-1,-1,-1,0.539868,0.562703,2461.481689,-1,-1,-1,-1,-1,-1,-1,-1,-1,0.480886,0.561311,2420.680664,-1,-1,-1,-1,-1,-1,-1,-1,-1
14:45:2.904,-1,-1,-1,0.526539,0.319671,2351.186768,0.523020,0.366398,2387.570068,0.515589,0.489226,2431.404053,0.514909,0.566820,2406.093262,0.521043,0.399078,2399.077393,0.574918,0.404967,2406.364990,0.583750,0.502801,2492.399658,0.546992,0.501728,2271.575684,0.538765,0.501488,2227.410889,-1,-1,-1,0.521043,0.399078,2399.077393,0.467805,0.391870,2341.181885,0.438493,0.490905,2297.320801,0.457489,0.556879,2092.820801,0.461742,0.571652,2051.920898,-1,-1,-1,0.543097,0.562857,2451.819824,-1,-1,-1,-1,-1,-1,-1,-1,-1,0.483311,0.560530,2408.362305,-1,-1,-1,-1,-1,-1,-1,-1,-1
14:45:2.937,-1,-1,-1,0.526906,0.317515,2343.937500,0.523687,0.364970,2367.080322,0.516482,0.488291,2419.597412,0.516178,0.566249,2393.647949,0.521763,0.397909,2380.883301,0.574289,0.402653,2411.285889,0.584319,0.501465,2475.936279,0.546291,0.502460,2259.736816,0.537795,0.502682,2216.496826,-1,-1,-1,0.521763,0.397909,2380.883301,0.467230,0.390784,2346.576660,0.437980,0.486093,2276.981201,0.457933,0.558357,2087.664551,0.462366,0.574411,2049.801270,-1,-1,-1,0.544575,0.562960,2437.405518,-1,-1,-1,-1,-1,-1,-1,-1,-1,0.484413,0.558453,2395.559570,-1,-1,-1,-1,-1,-1,-1,-1,-1
14:45:2.972,-1,-1,-1,0.527312,0.315955,2338.362061,0.524072,0.363548,2350.916992,0.516888,0.487088,2410.426514,0.516604,0.565302,2383.198242,0.522146,0.396675,2366.583984,0.575296,0.399636,2395.095215,0.584496,0.496890,2486.774658,0.548903,0.497391,2267.789063,0.540944,0.497503,2223.991943,-1,-1,-1,0.522146,0.396675,2366.583984,0.467759,0.389804,2328.732178,0.437187,0.486379,2260.897949,0.457743,0.558798,2073.761230,0.462308,0.574878,2036.333862,-1,-1,-1,0.545216,0.562113,2425.530029,-1,-1,-1,-1,-1,-1,-1,-1,-1,0.484850,0.559327,2383.154297,-1,-1,-1,-1,-1,-1,-1,-1,-1
14:45:2.999,-1,-1,-1,0.527746,0.314198,2333.959961,0.524300,0.361386,2339.204102,0.517110,0.484805,2404.896240,0.516731,0.563127,2376.005615,0.522363,0.394636,2356.546143,0.574309,0.398122,2394.532471,0.583623,0.495459,2490.593994,0.550548,0.488238,2268.695801,0.543142,0.486621,2224.316162,-1,-1,-1,0.522363,0.394636,2356.546143,0.468130,0.389390,2325.635010,0.436994,0.487857,2272.171387,0.457391,0.558277,2083.401123,0.461922,0.573920,2045.647095,-1,-1,-1,0.545959,0.560604,2412.796631,-1,-1,-1,-1,-1,-1,-1,-1,-1,0.485229,0.560713,2367.972412,-1,-1,-1,-1,-1,-1,-1,-1,-1
14:45:3.32,-1,-1,-1,0.528025,0.312262,2327.048340,0.524440,0.358901,2330.700195,0.516935,0.481810,2401.916016,0.516569,0.560225,2374.109375,0.522406,0.392218,2349.583984,0.573206,0.398060,2390.105469,0.583066,0.493643,2500.788086,0.555245,0.486750,2270.885742,0.548991,0.485200,2224.905273,-1,-1,-1,0.522406,0.392218,2349.583984,0.468665,0.388278,2312.308105,0.436520,0.488121,2268.704590,0.456715,0.557938,2079.742432,0.461203,0.573452,2041.949951,-1,-1,-1,0.544623,0.557967,2419.347168,-1,-1,-1,-1,-1,-1,-1,-1,-1,0.485113,0.560300,2365.418457,-1,-1,-1,-1,-1,-1,-1,-1,-1
14:45:3.63,-1,-1,-1,0.528232,0.309410,2323.252197,0.524509,0.356514,2326.537354,0.516832,0.479029,2401.018555,0.516280,0.557516,2376.206543,0.522419,0.389862,2346.348877,0.572257,0.397372,2389.537109,0.583182,0.490957,2512.284912,0.559084,0.513533,2284.314941,0.553676,0.518599,2238.720947,-1,-1,-1,0.522419,0.389862,2346.348877,0.469150,0.388106,2315.608398,0.436299,0.487797,2271.252441,0.455710,0.558056,2083.665039,0.460019,0.573653,2046.147583,-1,-1,-1,0.544262,0.558323,2420.195557,-1,-1,-1,-1,-1,-1,-1,-1,-1,0.484849,0.559613,2371.644287,-1,-1,-1,-1,-1,-1,-1,-1,-1
14:45:3.95,-1,-1,-1,0.528324,0.307398,2323.867188,0.524529,0.354741,2325.723145,0.516064,0.476920,2400.816650,0.515190,0.555425,2377.783203,0.522220,0.388080,2345.743896,0.571588,0.397187,2389.122070,0.583947,0.492399,2502.899658,0.561535,0.532098,2282.675293,0.556523,0.540976,2238.630371,-1,-1,-1,0.522220,0.388080,2345.743896,0.469475,0.387655,2320.975586,0.436156,0.487331,2279.480957,0.455054,0.561318,2094.721191,0.459240,0.577710,2057.769287,-1,-1,-1,0.543357,0.558015,2419.095703,-1,-1,-1,-1,-1,-1,-1,-1,-1,0.483767,0.556547,2374.140381,-1,-1,-1,-1,-1,-1,-1,-1,-1
14:45:3.126,-1,-1,-1,0.525579,0.305865,2328.701172,0.524299,0.353397,2327.090332,0.515208,0.474803,2406.837646,0.513866,0.553147,2387.764893,0.521810,0.386640,2348.395752,0.571099,0.395943,2391.518311,0.585097,0.496588,2466.630127,0.558768,0.540682,2257.646729,0.552906,0.550498,2215.850098,-1,-1,-1,0.521810,0.386640,2348.395752,0.469508,0.386803,2335.423096,0.436441,0.486750,2306.916748,0.450112,0.563602,2127.294189,0.453128,0.580556,2091.369629,-1,-1,-1,0.542700,0.557675,2421.177979,-1,-1,-1,-1,-1,-1,-1,-1,-1,0.482878,0.552632,2400.487305,-1,-1,-1,-1,-1,-1,-1,-1,-1
14:45:3.159,-1,-1,-1,0.522873,0.306307,2345.449463,0.523017,0.353607,2341.909424,0.514269,0.474030,2422.331543,0.512857,0.551818,2400.915283,0.520618,0.386634,2363.429443,0.571025,0.395656,2393.301514,0.584708,0.499017,2443.051270,0.553190,0.530302,2233.145508,0.546162,0.537279,2191.164307,-1,-1,-1,0.520618,0.386634,2363.429443,0.468173,0.385444,2344.698242,0.436393,0.486261,2339.823730,0.445018,0.557543,2151.139648,0.446928,0.573327,2113.402832,-1,-1,-1,0.542309,0.557167,2425.911621,-1,-1,-1,-1,-1,-1,-1,-1,-1,0.481954,0.551518,2410.914551,-1,-1,-1,-1,-1,-1,-1,-1,-1
14:45:3.190,-1,-1,-1,0.519673,0.308287,2372.800781,0.520756,0.354385,2360.063721,0.512307,0.474317,2433.866699,0.510520,0.551662,2409.865234,0.518441,0.387247,2379.836914,0.568076,0.395823,2415.628906,0.581887,0.495305,2476.880371,0.551468,0.517099,2260.237549,0.544671,0.521969,2216.908936,-1,-1,-1,0.518441,0.387247,2379.836914,0.466426,0.385325,2377.817139,0.434290,0.482117,2360.534668,0.435690,0.556416,2178.560059,0.435998,0.572790,2142.165039,-1,-1,-1,0.540386,0.556426,2430.769775,-1,-1,-1,-1,-1,-1,-1,-1,-1,0.479792,0.552061,2423.075195,-1,-1,-1,-1,-1,-1,-1,-1,-1
14:45:3.239,-1,-1,-1,0.515524,0.310093,2394.352051,0.518026,0.355179,2375.788086,0.510718,0.474577,2446.297607,0.508871,0.551525,2422.361572,0.516025,0.387886,2394.695557,0.566690,0.395732,2414.956055,0.580821,0.491574,2499.777344,0.545300,0.505005,2285.556396,0.537382,0.508000,2242.712158,-1,-1,-1,0.516025,0.387886,2394.695557,0.464259,0.385302,2400.881348,0.432431,0.480312,2395.922119,0.436031,0.560398,2228.881104,0.436817,0.577878,2195.472900,-1,-1,-1,0.538087,0.555709,2448.114258,-1,-1,-1,-1,-1,-1,-1,-1,-1,0.479155,0.552322,2446.673340,-1,-1,-1,-1,-1,-1,-1,-1,-1
14:45:3.270,-1,-1,-1,0.512952,0.312137,2422.107666,0.514973,0.356743,2402.569580,0.509449,0.475289,2467.694824,0.507883,0.551586,2444.095703,0.513462,0.389171,2420.040771,0.564939,0.395167,2424.349609,0.580249,0.489452,2509.154785,0.537724,0.488386,2309.882813,0.528323,0.488151,2270.028320,-1,-1,-1,0.513462,0.389171,2420.040771,0.461759,0.387770,2414.064453,0.431507,0.482003,2424.674072,0.433181,0.561799,2260.097656,0.433545,0.579173,2227.182373,-1,-1,-1,0.536493,0.554944,2472.545166,-1,-1,-1,-1,-1,-1,-1,-1,-1,0.478018,0.551683,2458.981445,-1,-1,-1,-1,-1,-1,-1,-1,-1
14:45:3.302,-1,-1,-1,0.510672,0.315599,2462.906006,0.512093,0.358737,2436.695557,0.508121,0.476152,2494.375977,0.506985,0.551652,2471.127930,0.511009,0.390787,2452.173584,0.561367,0.396155,2467.532715,0.580099,0.490765,2521.963867,0.533262,0.474030,2340.919434,0.523011,0.470368,2304.710449,-1,-1,-1,0.511009,0.390787,2452.173584,0.460468,0.390488,2468.003906,0.432043,0.483427,2458.283203,0.426282,0.564614,2301.823486,0.425035,0.582194,2270.531494,-1,-1,-1,0.536350,0.554520,2489.367676,-1,-1,-1,-1,-1,-1,-1,-1,-1,0.477273,0.550559,2487.521973,-1,-1,-1,-1,-1,-1,-1,-1,-1
14:45:3.334,-1,-1,-1,0.507825,0.317552,2490.729248,0.509692,0.360356,2465.211914,0.505954,0.476435,2522.153076,0.505103,0.551104,2498.934326,0.508672,0.392033,2480.493896,0.559643,0.396961,2468.590576,0.578399,0.488444,2551.814697,0.532601,0.464854,2374.393311,0.522607,0.459706,2338.908936,-1,-1,-1,0.508672,0.392033,2480.493896,0.457794,0.391733,2471.754639,0.429591,0.484639,2477.457764,0.421502,0.565108,2322.000732,0.419753,0.582512,2290.909424,-1,-1,-1,0.534421,0.553757,2512.654541,-1,-1,-1,-1,-1,-1,-1,-1,-1,0.475690,0.549671,2514.800049,-1,-1,-1,-1,-1,-1,-1,-1,-1
14:45:3.365,-1,-1,-1,0.504309,0.319721,2525.492920,0.506389,0.361974,2499.909180,0.502288,0.476687,2551.013184,0.501457,0.550349,2522.152100,0.505272,0.393229,2513.628906,0.554654,0.398126,2536.325928,0.576517,0.488978,2588.916016,0.534418,0.458590,2408.917969,0.525232,0.451959,2372.918457,-1,-1,-1,0.505272,0.393229,2513.628906,0.454971,0.392622,2510.685059,0.426868,0.483957,2514.469238,0.417394,0.570838,2396.535645,0.415386,0.589251,2372.948975,-1,-1,-1,0.530384,0.551969,2536.181152,-1,-1,-1,-1,-1,-1,-1,-1,-1,0.472578,0.548340,2539.322266,-1,-1,-1,-1,-1,-1,-1,-1,-1
14:45:3.400,-1,-1,-1,0.500038,0.322587,2560.250488,0.503180,0.363172,2527.462402,0.499270,0.476572,2579.109131,0.497955,0.549417,2550.601074,0.502114,0.394079,2541.332275,0.552064,0.398937,2538.925049,0.572922,0.489505,2597.828369,0.530255,0.453633,2426.833008,0.520989,0.445843,2392.634033,-1,-1,-1,0.502114,0.394079,2541.332275,0.452160,0.393245,2511.194336,0.424344,0.483465,2545.207520,0.417241,0.567750,2418.625977,0.415731,0.585677,2393.309570,-1,-1,-1,0.526819,0.548842,2571.506836,-1,-1,-1,-1,-1,-1,-1,-1,-1,0.469291,0.548040,2573.363770,-1,-1,-1,-1,-1,-1,-1,-1,-1
14:45:3.432,-1,-1,-1,0.497796,0.323139,2576.969238,0.500411,0.364008,2547.206299,0.496230,0.476051,2606.722900,0.495191,0.548213,2581.626221,0.499269,0.394612,2563.191895,0.546981,0.399577,2599.596436,0.567721,0.490979,2616.623535,0.527542,0.455236,2438.225586,0.518790,0.447450,2402.545898,-1,-1,-1,0.499269,0.394612,2563.191895,0.450566,0.396216,2563.295654,0.422134,0.485214,2581.641357,0.411805,0.571028,2474.631836,0.409631,0.589089,2453.229980,-1,-1,-1,0.523592,0.548460,2601.578125,-1,-1,-1,-1,-1,-1,-1,-1,-1,0.466910,0.546544,2602.354248,-1,-1,-1,-1,-1,-1,-1,-1,-1
14:45:3.463,-1,-1,-1,0.495306,0.322919,2585.076172,0.497955,0.364787,2563.847656,0.493042,0.475217,2635.598877,0.492346,0.546668,2614.545898,0.496608,0.395051,2583.120117,0.545515,0.400899,2591.732910,0.563550,0.492834,2641.474854,0.524093,0.458108,2460.813721,0.515496,0.450541,2424.681396,-1,-1,-1,0.496608,0.395051,2583.120117,0.448079,0.396604,2563.323486,0.419439,0.483375,2624.601563,0.410581,0.570686,2543.601563,0.408741,0.588820,2527.401611,-1,-1,-1,0.520607,0.547592,2631.948242,-1,-1,-1,-1,-1,-1,-1,-1,-1,0.464023,0.545748,2629.295410,-1,-1,-1,-1,-1,-1,-1,-1,-1
14:45:3.494,-1,-1,-1,0.493466,0.322470,2594.846436,0.495032,0.365835,2590.894043,0.490914,0.474865,2667.054443,0.490877,0.545491,2647.386475,0.493903,0.395736,2611.343994,0.541012,0.400109,2649.860107,0.560557,0.491414,2666.429688,0.523990,0.446802,2493.915039,0.516061,0.437129,2459.412109,-1,-1,-1,0.493903,0.395736,2611.343994,0.447341,0.397859,2636.448486,0.418257,0.484784,2657.088867,0.406786,0.568338,2555.288574,0.404381,0.585854,2534.928467,-1,-1,-1,0.519021,0.546628,2660.176758,-1,-1,-1,-1,-1,-1,-1,-1,-1,0.463539,0.544622,2673.095703,-1,-1,-1,-1,-1,-1,-1,-1,-1
14:45:3.543,-1,-1,-1,0.491927,0.322492,2615.703125,0.492531,0.365853,2616.892090,0.489769,0.473010,2701.736572,0.490188,0.542710,2682.505371,0.491770,0.395349,2639.710693,0.540803,0.399749,2623.108398,0.557225,0.489894,2697.599854,0.523738,0.437791,2533.514160,0.516514,0.426550,2500.697021,-1,-1,-1,0.491770,0.395349,2639.710693,0.443949,0.398065,2635.010986,0.417540,0.485856,2677.660156,0.405961,0.569502,2582.748047,0.403543,0.586975,2563.765625,-1,-1,-1,0.517077,0.542859,2711.339355,-1,-1,-1,-1,-1,-1,-1,-1,-1,0.462308,0.542922,2691.562012,-1,-1,-1,-1,-1,-1,-1,-1,-1
14:45:3.571,-1,-1,-1,0.491089,0.321542,2650.491699,0.490935,0.364279,2650.229492,0.489204,0.471716,2736.036865,0.489695,0.540452,2713.405029,0.490465,0.393436,2672.979492,0.537398,0.397756,2689.446289,0.555963,0.489798,2709.028076,0.519265,0.437294,2558.007813,0.511398,0.426040,2527.803711,-1,-1,-1,0.490465,0.393436,2672.979492,0.442042,0.394155,2647.211182,0.416927,0.483304,2695.396729,0.415190,0.566973,2600.429688,0.414827,0.584446,2581.436279,-1,-1,-1,0.516836,0.537992,2730.985596,-1,-1,-1,-1,-1,-1,-1,-1,-1,0.462259,0.539106,2719.874023,-1,-1,-1,-1,-1,-1,-1,-1,-1
14:45:3.607,-1,-1,-1,0.490065,0.322218,2693.446533,0.489580,0.363179,2678.076172,0.488946,0.470581,2766.968506,0.489451,0.538449,2741.241211,0.489410,0.392018,2701.379395,0.536057,0.395009,2722.096924,0.555695,0.485579,2731.021973,0.518122,0.433499,2584.135010,0.510089,0.422364,2554.757568,-1,-1,-1,0.489410,0.392018,2701.379395,0.441591,0.394429,2681.534424,0.417099,0.481972,2736.135498,0.413982,0.567778,2685.825684,0.413344,0.585327,2675.763672,-1,-1,-1,0.516465,0.534972,2756.711182,-1,-1,-1,-1,-1,-1,-1,-1,-1,0.462232,0.536420,2746.465820,-1,-1,-1,-1,-1,-1,-1,-1,-1
14:45:3.641,-1,-1,-1,0.489565,0.325297,2734.739990,0.488946,0.362807,2702.468750,0.488854,0.470630,2787.062988,0.489246,0.537839,2756.389893,0.488922,0.391465,2724.447754,0.535190,0.395167,2737.392822,0.556562,0.484319,2758.124268,0.518137,0.437496,2603.888672,0.509899,0.427458,2573.041504,-1,-1,-1,0.488922,0.391465,2724.447754,0.442069,0.395361,2710.052979,0.416718,0.481770,2761.126465,0.412691,0.567069,2721.010742,0.411871,0.584432,2712.987549,-1,-1,-1,0.516059,0.535107,2766.059814,-1,-1,-1,-1,-1,-1,-1,-1,-1,0.462014,0.532976,2755.719482,-1,-1,-1,-1,-1,-1,-1,-1,-1
14:45:3.676,-1,-1,-1,0.489172,0.327742,2761.814209,0.488760,0.362864,2720.857910,0.488845,0.471057,2801.622803,0.489446,0.537969,2772.528320,0.488782,0.391386,2741.693359,0.535491,0.394477,2746.260010,0.557112,0.481953,2770.591797,0.514275,0.443784,2613.303223,0.505081,0.435592,2581.845459,-1,-1,-1,0.488782,0.391386,2741.693359,0.442761,0.396573,2738.510254,0.417749,0.481229,2785.890137,0.411338,0.564444,2710.764648,0.410013,0.581643,2695.739502,-1,-1,-1,0.514855,0.534570,2804.656006,-1,-1,-1,-1,-1,-1,-1,-1,-1,0.463200,0.535884,2787.249756,-1,-1,-1,-1,-1,-1,-1,-1,-1
14:45:3.702,-1,-1,-1,0.489502,0.329328,2777.475098,0.488792,0.363412,2734.642090,0.488859,0.471962,2811.486328,0.489661,0.538716,2784.733398,0.488809,0.391835,2754.354736,0.535667,0.395225,2743.774414,0.558851,0.481253,2776.818359,0.512492,0.447452,2627.715820,0.502581,0.440226,2597.895264,-1,-1,-1,0.488809,0.391835,2754.354736,0.443415,0.397121,2764.605469,0.420155,0.479340,2835.410400,0.413623,0.558747,2735.829590,0.412259,0.575327,2715.913330,-1,-1,-1,0.514772,0.534836,2819.063721,-1,-1,-1,-1,-1,-1,-1,-1,-1,0.463455,0.537090,2795.945557,-1,-1,-1,-1,-1,-1,-1,-1,-1
14:45:3.734,-1,-1,-1,0.491717,0.329149,2786.203125,0.489589,0.364103,2747.098877,0.489530,0.472534,2825.621094,0.490328,0.539070,2803.224365,0.489573,0.392379,2767.151611,0.536271,0.395890,2757.032715,0.560773,0.480446,2790.240967,0.513892,0.449985,2633.884033,0.503840,0.443453,2602.612549,-1,-1,-1,0.489573,0.392379,2767.151611,0.445517,0.397809,2795.911133,0.420863,0.479309,2851.373535,0.418149,0.559493,2750.139648,0.417582,0.576244,2729.892822,-1,-1,-1,0.515401,0.535329,2836.241943,-1,-1,-1,-1,-1,-1,-1,-1,-1,0.464388,0.537698,2818.677979,-1,-1,-1,-1,-1,-1,-1,-1,-1
14:45:3.769,-1,-1,-1,0.494538,0.329384,2797.293457,0.491171,0.364886,2761.401855,0.490567,0.473288,2837.751465,0.491329,0.539531,2814.765137,0.491014,0.393035,2780.830078,0.537333,0.397392,2777.966797,0.566064,0.477781,2828.653076,0.520820,0.454204,2662.775391,0.511086,0.449132,2629.599854,-1,-1,-1,0.491014,0.393035,2780.830078,0.447298,0.398082,2814.385742,0.423630,0.477927,2889.304199,0.418616,0.559033,2814.633301,0.417581,0.575773,2799.699219,-1,-1,-1,0.516641,0.536228,2843.281250,-1,-1,-1,-1,-1,-1,-1,-1,-1,0.465723,0.538916,2834.801758,-1,-1,-1,-1,-1,-1,-1,-1,-1
14:45:3.801,-1,-1,-1,0.497933,0.330413,2823.660889,0.495276,0.366336,2790.436035,0.492259,0.472980,2853.881592,0.492317,0.538835,2830.229248,0.494486,0.394269,2806.779785,0.540885,0.398673,2798.070557,0.573138,0.477510,2836.767578,0.524386,0.456900,2688.590820,0.513983,0.452503,2658.955566,-1,-1,-1,0.494486,0.394269,2806.779785,0.450630,0.398811,2825.367676,0.426628,0.478231,2907.093750,0.419201,0.558898,2841.907227,0.417675,0.575478,2828.869873,-1,-1,-1,0.517080,0.536011,2869.808105,-1,-1,-1,-1,-1,-1,-1,-1,-1,0.466135,0.535098,2848.810791,-1,-1,-1,-1,-1,-1,-1,-1,-1
14:45:3.836,-1,-1,-1,0.500692,0.332857,2856.098389,0.499032,0.367563,2815.485596,0.494784,0.473996,2874.220947,0.494306,0.539353,2849.244873,0.497927,0.395256,2830.535400,0.543937,0.400237,2825.329346,0.578986,0.477119,2844.885010,0.529805,0.451689,2706.741943,0.519360,0.446289,2679.113281,-1,-1,-1,0.497927,0.395256,2830.535400,0.453969,0.398755,2841.141113,0.431221,0.481564,2891.110596,0.419431,0.562834,2840.061279,0.417023,0.579440,2829.851318,-1,-1,-1,0.518816,0.535572,2894.195801,-1,-1,-1,-1,-1,-1,-1,-1,-1,0.467596,0.537590,2855.556641,-1,-1,-1,-1,-1,-1,-1,-1,-1
14:45:3.867,-1,-1,-1,0.502366,0.335180,2887.343018,0.502940,0.368793,2841.091309,0.497985,0.474855,2895.760010,0.496797,0.539538,2865.083496,0.501658,0.396240,2855.039551,0.547424,0.401529,2851.616943,0.586723,0.473568,2878.295898,0.542080,0.439899,2732.244629,0.532573,0.432728,2703.034424,-1,-1,-1,0.501658,0.396240,2855.039551,0.457553,0.398402,2864.617188,0.438870,0.482278,2921.344727,0.426918,0.560885,2834.314941,0.424439,0.577190,2816.908936,-1,-1,-1,0.522168,0.534804,2904.783203,-1,-1,-1,-1,-1,-1,-1,-1,-1,0.470294,0.535653,2884.161865,-1,-1,-1,-1,-1,-1,-1,-1,-1
14:45:3.898,-1,-1,-1,0.504087,0.337151,2908.109619,0.505791,0.369764,2861.551758,0.499314,0.473188,2925.800781,0.497671,0.537181,2895.642090,0.504091,0.396907,2878.139160,0.548862,0.403997,2882.368164,0.593474,0.469035,2919.220947,0.543382,0.463737,2780.819824,0.532759,0.462613,2753.139648,-1,-1,-1,0.504091,0.396907,2878.139160,0.459129,0.393040,2890.849365,0.439670,0.477047,2941.578613,0.431850,0.557359,2884.480713,0.430249,0.573804,2873.061035,-1,-1,-1,0.522066,0.531442,2942.278564,-1,-1,-1,-1,-1,-1,-1,-1,-1,0.471979,0.530925,2921.609619,-1,-1,-1,-1,-1,-1,-1,-1,-1
14:45:3.931,-1,-1,-1,0.505859,0.336723,2916.903809,0.507404,0.370126,2878.972168,0.499657,0.472606,2956.035400,0.498083,0.535984,2927.353760,0.505377,0.396950,2898.752930,0.551813,0.401245,2885.003418,0.593799,0.467246,2942.427979,0.544146,0.462817,2805.489258,0.533628,0.461879,2778.101563,-1,-1,-1,0.505377,0.396950,2898.752930,0.460590,0.393218,2898.887939,0.440244,0.476676,2947.591797,0.433039,0.557045,2901.643066,0.431571,0.573425,2892.453369,-1,-1,-1,0.523251,0.525402,2969.899414,-1,-1,-1,-1,-1,-1,-1,-1,-1,0.472841,0.523357,2961.378174,-1,-1,-1,-1,-1,-1,-1,-1,-1
14:45:3.962,-1,-1,-1,0.508324,0.334145,2921.460938,0.508911,0.369126,2892.411621,0.499653,0.470605,2980.991211,0.498323,0.533578,2957.118164,0.506492,0.395641,2915.043701,0.553417,0.399550,2898.727295,0.598960,0.462195,2946.088623,0.547432,0.459562,2824.001709,0.536587,0.459008,2799.584229,-1,-1,-1,0.506492,0.395641,2915.043701,0.461580,0.387906,2922.952881,0.440925,0.471374,2964.949707,0.435406,0.549528,2891.062988,0.434268,0.565641,2876.285645,-1,-1,-1,0.524079,0.521003,2985.606689,-1,-1,-1,-1,-1,-1,-1,-1,-1,0.472668,0.519832,2974.049316,-1,-1,-1,-1,-1,-1,-1,-1,-1
14:45:3.995,-1,-1,-1,0.511117,0.333271,2927.664307,0.510252,0.368275,2903.886963,0.499892,0.469287,2996.319580,0.498475,0.531964,2974.177734,0.507553,0.394594,2927.416748,0.555348,0.397137,2906.121094,0.598501,0.463096,2958.156494,0.548700,0.461984,2827.350098,0.538181,0.461749,2801.188721,-1,-1,-1,0.507553,0.394594,2927.416748,0.466259,0.399476,2924.521240,0.442937,0.481020,2985.332764,0.436645,0.557836,2902.209961,0.435343,0.573730,2885.585449,-1,-1,-1,0.523630,0.529391,2972.672607,-1,-1,-1,-1,-1,-1,-1,-1,-1,0.473466,0.524283,2995.588135,-1,-1,-1,-1,-1,-1,-1,-1,-1
14:45:4.44,-1,-1,-1,0.513292,0.332585,2933.406494,0.511716,0.367751,2914.085938,0.501038,0.468671,3006.800049,0.499433,0.531108,2984.392090,0.508942,0.393969,2937.618408,0.557429,0.393996,2915.931885,0.605899,0.452349,2966.749756,0.557272,0.452367,2832.884766,0.546989,0.452371,2806.111816,-1,-1,-1,0.508942,0.393969,2937.618408,0.468475,0.399085,2948.000732,0.445208,0.481309,2987.221924,0.440091,0.557821,2901.890137,0.439032,0.573666,2884.823730,-1,-1,-1,0.524695,0.529170,2999.176025,-1,-1,-1,-1,-1,-1,-1,-1,-1,0.475288,0.525281,3019.819824,-1,-1,-1,-1,-1,-1,-1,-1,-1
14:45:4.77,-1,-1,-1,0.514762,0.332522,2944.773926,0.513505,0.367440,2923.775879,0.503109,0.466776,3016.466064,0.501559,0.529100,2998.928223,0.510770,0.393566,2947.598145,0.557335,0.398340,2932.207520,0.605614,0.454010,2998.671631,0.573538,0.443006,2799.591797,0.566568,0.440615,2759.775879,-1,-1,-1,0.510770,0.393566,2947.598145,0.469753,0.398090,2947.005371,0.446371,0.479559,3000.085449,0.441729,0.557950,2951.190430,0.440782,0.573941,2941.411377,-1,-1,-1,0.526403,0.528685,3021.043701,-1,-1,-1,-1,-1,-1,-1,-1,-1,0.479753,0.527991,3052.844482,-1,-1,-1,-1,-1,-1,-1,-1,-1
14:45:4.109,-1,-1,-1,0.516159,0.332520,2959.172119,0.515142,0.366919,2934.614746,0.504782,0.465180,3024.187256,0.502640,0.527365,3011.027344,0.512393,0.392984,2957.854248,0.556240,0.400400,2979.917480,0.611655,0.447377,2983.727539,0.570276,0.429659,2823.098145,0.561428,0.425871,2790.972168,-1,-1,-1,0.512393,0.392984,2957.854248,0.469966,0.392917,2958.498291,0.447565,0.475753,2980.049805,0.442208,0.554255,3000.194824,0.441146,0.569829,3004.223877,-1,-1,-1,0.527915,0.527778,3015.813232,-1,-1,-1,-1,-1,-1,-1,-1,-1,0.479889,0.523575,3056.722900,-1,-1,-1,-1,-1,-1,-1,-1,-1
14:45:4.139,-1,-1,-1,0.518020,0.333148,2975.444824,0.516514,0.366647,2945.135010,0.506085,0.464126,3030.752686,0.503175,0.526139,3020.091309,0.513731,0.392661,2967.506592,0.557096,0.401817,2983.458252,0.615622,0.437524,3012.114014,0.569283,0.431356,2874.980713,0.559479,0.430052,2847.553955,-1,-1,-1,0.513731,0.392661,2967.506592,0.471412,0.393333,2950.923828,0.448155,0.473897,3010.356934,0.442690,0.551878,3014.021484,0.441599,0.567451,3014.754395,-1,-1,-1,0.528377,0.526908,3019.914307,-1,-1,-1,-1,-1,-1,-1,-1,-1,0.480511,0.524880,3064.458740,-1,-1,-1,-1,-1,-1,-1,-1,-1
14:45:4.170,-1,-1,-1,0.519376,0.333771,2985.321777,0.517454,0.366948,2953.390625,0.507143,0.463516,3039.032959,0.503871,0.525340,3031.331299,0.514685,0.392882,2975.913086,0.557410,0.402873,2991.275635,0.577087,0.484972,2948.387451,0.537387,0.443289,2812.212158,0.528981,0.434463,2784.977051,-1,-1,-1,0.514685,0.392882,2975.913086,0.472786,0.393983,2965.717285,0.448696,0.473710,3021.430908,0.442435,0.551449,2994.964355,-1,-1,-1,-1,-1,-1,0.529026,0.526729,3037.109131,-1,-1,-1,-1,-1,-1,-1,-1,-1,0.480043,0.524840,3064.086426,-1,-1,-1,-1,-1,-1,-1,-1,-1
14:45:4.203,-1,-1,-1,0.521024,0.333655,2987.658447,0.518429,0.367428,2961.726563,0.508210,0.463403,3043.741211,0.504484,0.525078,3042.263184,0.515671,0.393329,2983.421143,0.558390,0.403021,2996.898926,0.570451,0.483033,2898.934082,0.519268,0.452284,2800.087891,0.508595,0.445872,2780.318604,-1,-1,-1,0.515671,0.393329,2983.421143,0.474038,0.394669,2967.169434,0.448546,0.473933,3020.704834,0.443717,0.547702,2924.937012,-1,-1,-1,-1,-1,-1,0.528181,0.526804,3074.297363,-1,-1,-1,-1,-1,-1,-1,-1,-1,0.482208,0.525444,3089.897461,-1,-1,-1,-1,-1,-1,-1,-1,-1
14:45:4.234,-1,-1,-1,0.522031,0.333451,2991.587891,0.518988,0.368015,2970.218262,0.508453,0.463234,3051.037354,0.503912,0.524566,3057.725342,0.516132,0.393828,2991.701904,0.558020,0.403887,3013.116699,0.560991,0.481970,2894.930420,0.507184,0.458668,2797.815186,0.495971,0.453813,2778.392090,-1,-1,-1,0.516132,0.393828,2991.701904,0.474544,0.394071,2979.208740,0.448517,0.473778,3016.309570,0.455200,0.541978,2887.034424,-1,-1,-1,-1,-1,-1,0.526877,0.527357,3093.420166,-1,-1,-1,-1,-1,-1,-1,-1,-1,0.482722,0.524806,3111.417480,-1,-1,-1,-1,-1,-1,-1,-1,-1
14:45:4.266,-1,-1,-1,0.522250,0.333163,2989.656982,0.518280,0.368569,2975.448975,0.507272,0.462661,3063.373047,0.502736,0.523623,3075.739014,0.515281,0.394204,2998.899414,0.553953,0.409891,3011.840088,0.553838,0.490194,2909.104492,0.503036,0.458436,2807.477539,-1,-1,-1,-1,-1,-1,0.515281,0.394204,2998.899414,0.474238,0.393899,2972.121582,0.448907,0.473393,3021.876709,0.451006,0.548814,2943.933594,-1,-1,-1,-1,-1,-1,0.526389,0.528995,3102.547852,-1,-1,-1,-1,-1,-1,-1,-1,-1,0.479673,0.525385,3115.257324,-1,-1,-1,-1,-1,-1,-1,-1,-1
14:45:4.299,-1,-1,-1,0.522491,0.332743,2976.553467,0.517536,0.369350,2978.672607,0.505986,0.464018,3072.280762,0.501526,0.524862,3082.404541,0.514424,0.394857,3003.327881,0.555699,0.406491,3010.425049,0.561406,0.486639,2909.548096,0.511910,0.454682,2799.832031,-1,-1,-1,-1,-1,-1,0.514424,0.394857,3003.327881,0.475149,0.399036,2982.202393,0.448234,0.477417,3024.349854,0.445453,0.554929,2979.366455,-1,-1,-1,-1,-1,-1,0.526530,0.529002,3083.542236,-1,-1,-1,-1,-1,-1,-1,-1,-1,0.478130,0.525310,3119.997803,-1,-1,-1,-1,-1,-1,-1,-1,-1
14:45:4.330,-1,-1,-1,0.522489,0.333283,2960.488525,0.517058,0.370474,2977.342285,0.504803,0.465238,3079.887695,0.500196,0.525827,3093.115234,0.513782,0.395811,3004.084717,0.548876,0.416569,3015.196045,0.548057,0.483861,2843.101563,0.503673,0.426067,2807.623535,-1,-1,-1,-1,-1,-1,0.513782,0.395811,3004.084717,0.474297,0.398331,2969.526855,0.448862,0.477846,3015.592773,0.444288,0.552444,2925.515869,-1,-1,-1,-1,-1,-1,0.524358,0.528363,3114.485352,-1,-1,-1,-1,-1,-1,-1,-1,-1,0.479703,0.525504,3151.892578,0.456792,0.642941,3170.983887,0.467942,0.756786,3166.152832,-1,-1,-1
14:45:4.365,-1,-1,-1,0.521713,0.334156,2951.946777,0.517040,0.371734,2975.638184,0.505975,0.465030,3088.063477,0.501536,0.525398,3104.111816,0.514052,0.396926,3005.180664,0.557168,0.402657,3017.775146,0.558282,0.474335,2868.069092,0.518539,0.412394,2819.021240,-1,-1,-1,-1,-1,-1,0.514052,0.396926,3005.180664,0.474348,0.399502,2966.767578,0.448517,0.478503,3016.630371,0.444321,0.552353,2919.378174,-1,-1,-1,-1,-1,-1,0.525019,0.528339,3130.917725,-1,-1,-1,-1,-1,-1,-1,-1,-1,0.481611,0.526099,3164.622314,0.461699,0.644805,3169.990234,0.468977,0.759368,3163.651855,-1,-1,-1
14:45:4.396,-1,-1,-1,0.520811,0.334013,2953.185303,0.517957,0.372078,2972.831055,0.507989,0.464454,3091.692627,0.503806,0.524669,3111.206299,0.515248,0.397189,3004.227295,0.558693,0.401847,3010.513672,0.555601,0.478520,2886.768799,0.521947,0.411969,2822.509033,-1,-1,-1,-1,-1,-1,0.515248,0.397189,3004.227295,0.475593,0.399977,2955.410889,0.448938,0.478447,3014.673096,0.444684,0.554561,2941.333496,-1,-1,-1,-1,-1,-1,0.527866,0.528760,3130.930908,-1,-1,-1,-1,-1,-1,-1,-1,-1,0.483353,0.526117,3171.187988,-1,-1,-1,-1,-1,-1,-1,-1,-1
14:45:4.446,-1,-1,-1,0.520334,0.334007,2960.262207,0.518634,0.372120,2968.490234,0.510252,0.463978,3091.803955,0.506373,0.524235,3111.252197,0.516344,0.397218,3001.196289,0.558522,0.401811,3017.123535,0.554101,0.477746,2892.412354,0.526556,0.407699,2811.645264,-1,-1,-1,-1,-1,-1,0.516344,0.397218,3001.196289,0.475927,0.399265,2963.583740,0.449120,0.478912,2992.924561,0.445081,0.557612,2966.160889,-1,-1,-1,-1,-1,-1,0.530959,0.528819,3124.816162,-1,-1,-1,-1,-1,-1,-1,-1,-1,0.485429,0.526012,3170.950195,-1,-1,-1,-1,-1,-1,-1,-1,-1
14:45:4.480,-1,-1,-1,0.520235,0.333951,2959.259521,0.519537,0.372033,2961.482666,0.512457,0.463231,3090.727783,0.509228,0.523636,3108.623047,0.517593,0.397074,2995.881104,0.559611,0.402859,2998.713135,0.557811,0.482261,2892.074463,0.534295,0.409570,2812.262207,-1,-1,-1,-1,-1,-1,0.517593,0.397074,2995.881104,0.476998,0.399411,2955.333740,0.449501,0.479211,2968.659424,0.444827,0.558555,2954.216064,0.443887,0.574517,2951.327393,-1,-1,-1,0.534347,0.529047,3110.903809,-1,-1,-1,-1,-1,-1,-1,-1,-1,0.487921,0.526088,3168.847412,-1,-1,-1,-1,-1,-1,-1,-1,-1
14:45:4.514,-1,-1,-1,0.520142,0.333814,2956.984863,0.520087,0.371835,2955.287354,0.512714,0.464367,3085.297363,0.510050,0.525167,3094.287842,0.518086,0.396946,2989.473145,0.558045,0.403436,3015.626953,0.570321,0.475328,2872.469238,0.533016,0.411137,2822.542969,0.525397,0.398025,2812.557617,-1,-1,-1,0.518086,0.396946,2989.473145,0.477405,0.398592,2966.080566,0.450666,0.478524,2961.925049,0.443659,0.557423,2920.871582,0.442234,0.573469,2912.660889,-1,-1,-1,0.535576,0.529862,3090.172363,-1,-1,-1,-1,-1,-1,-1,-1,-1,0.485681,0.526488,3128.080566,-1,-1,-1,-1,-1,-1,-1,-1,-1
14:45:4.550,-1,-1,-1,0.520058,0.334021,2958.807373,0.520466,0.371655,2949.857666,0.512236,0.464337,3074.089355,0.508936,0.525331,3081.730713,0.518223,0.396914,2982.708984,0.559585,0.403041,2994.211914,0.565620,0.479299,2867.578125,0.533703,0.409280,2827.878418,0.527212,0.395040,2819.938477,-1,-1,-1,0.518223,0.396914,2982.708984,0.477956,0.398546,2949.764893,0.451406,0.478635,2972.615967,0.444412,0.557345,2935.321045,0.442992,0.573327,2927.862061,-1,-1,-1,0.534284,0.530607,3096.229004,-1,-1,-1,-1,-1,-1,-1,-1,-1,0.486306,0.525842,3136.690918,-1,-1,-1,-1,-1,-1,-1,-1,-1
14:45:4.583,-1,-1,-1,0.520060,0.334421,2960.014404,0.520655,0.371596,2944.600586,0.512016,0.465303,3055.822754,0.508478,0.526764,3052.667725,0.518297,0.397180,2974.154541,0.560239,0.402400,2984.009277,0.558277,0.483636,2891.065918,0.545367,0.405637,2815.179932,0.542701,0.389529,2800.002686,-1,-1,-1,0.518297,0.397180,2974.154541,0.478907,0.400020,2935.109863,0.450716,0.479632,2952.663574,0.444513,0.559110,2920.269287,0.443255,0.575217,2913.790527,-1,-1,-1,0.534215,0.529148,3064.845947,-1,-1,-1,-1,-1,-1,-1,-1,-1,0.483920,0.527182,3086.493164,-1,-1,-1,-1,-1,-1,-1,-1,-1
14:45:4.613,-1,-1,-1,0.520112,0.334381,2954.523682,0.520792,0.371367,2935.815430,0.511323,0.465734,3037.919922,0.507421,0.527526,3031.914063,0.518203,0.397171,2963.047363,0.559834,0.402958,2976.007568,0.550579,0.485684,2900.302979,0.554947,0.406727,2811.695313,0.555854,0.390334,2793.973877,-1,-1,-1,0.518203,0.397171,2963.047363,0.478495,0.397771,2923.792236,0.451858,0.478337,2964.227051,0.444672,0.557022,2919.575195,0.443208,0.573049,2910.644775,-1,-1,-1,0.532725,0.530044,3059.730713,-1,-1,-1,-1,-1,-1,-1,-1,-1,0.484869,0.526383,3089.286621,-1,-1,-1,-1,-1,-1,-1,-1,-1
14:45:4.648,-1,-1,-1,0.520200,0.333610,2943.263428,0.520872,0.371124,2928.701172,0.510692,0.465835,3025.335938,0.506915,0.527888,3015.363770,0.518085,0.397055,2954.539795,0.560404,0.401604,2968.777588,0.584891,0.482293,2940.304932,0.618427,0.549742,2905.681152,0.625230,0.563426,2898.756348,-1,-1,-1,0.518085,0.397055,2954.539795,0.478241,0.397105,2932.394775,0.450389,0.476635,2961.885742,0.444432,0.555691,2922.573975,0.443222,0.571758,2914.711670,-1,-1,-1,0.532903,0.529794,3026.495605,-1,-1,-1,-1,-1,-1,-1,-1,-1,0.483832,0.526474,3066.357666,-1,-1,-1,-1,-1,-1,-1,-1,-1
14:45:4.677,-1,-1,-1,0.520362,0.332115,2921.048828,0.520943,0.370841,2920.750000,0.510414,0.466067,3011.456543,0.506907,0.528390,2996.542480,0.518059,0.396924,2945.047852,0.561161,0.402447,2936.207031,0.593707,0.477867,2972.909180,0.609443,0.550454,2870.792480,0.612725,0.565596,2850.369141,-1,-1,-1,0.518059,0.396924,2945.047852,0.478417,0.397279,2924.429443,0.451699,0.477308,2966.365234,0.443786,0.555630,2917.043457,0.442172,0.571613,2907.179199,-1,-1,-1,0.532962,0.530093,3002.038818,-1,-1,-1,-1,-1,-1,-1,-1,-1,0.482999,0.526820,3039.016846,-1,-1,-1,-1,-1,-1,-1,-1,-1
14:45:4.708,-1,-1,-1,0.520494,0.331311,2904.275635,0.521003,0.370586,2913.208984,0.510120,0.466358,2997.476563,0.506759,0.528991,2982.535156,0.518022,0.396816,2935.813721,0.560833,0.402736,2936.916016,0.596174,0.475901,2967.178711,0.558909,0.429686,2837.842041,0.551045,0.419933,2811.974609,-1,-1,-1,0.518022,0.396816,2935.813721,0.479589,0.400147,2907.997803,0.452310,0.478947,2966.684326,0.443917,0.556960,2911.786865,0.442200,0.572917,2900.807373,-1,-1,-1,0.532518,0.530339,2994.185059,-1,-1,-1,-1,-1,-1,-1,-1,-1,0.483113,0.526870,3026.167236,-1,-1,-1,-1,-1,-1,-1,-1,-1
14:45:4.737,-1,-1,-1,0.519231,0.330957,2895.474609,0.521045,0.370309,2905.208252,0.509917,0.466667,2981.827148,0.506546,0.529653,2968.492676,0.517997,0.396700,2925.798096,0.559787,0.404865,2935.544922,0.589588,0.482816,2950.551758,0.552941,0.440650,2804.417480,-1,-1,-1,-1,-1,-1,0.517997,0.396700,2925.798096,0.478500,0.397762,2902.240723,0.451874,0.476607,2964.414795,0.443762,0.554194,2900.590576,0.442096,0.570123,2887.825684,-1,-1,-1,0.532412,0.530486,2971.752197,-1,-1,-1,-1,-1,-1,-1,-1,-1,0.483104,0.526961,3012.342041,-1,-1,-1,-1,-1,-1,-1,-1,-1
14:45:4.769,-1,-1,-1,0.517084,0.330687,2885.392822,0.521051,0.369871,2893.737305,0.509708,0.468499,2962.819580,0.506570,0.531919,2949.085693,0.517993,0.396460,2912.041504,0.560854,0.403845,2911.386963,0.583499,0.486539,2930.186035,0.547146,0.441856,2786.395020,-1,-1,-1,-1,-1,-1,0.517993,0.396460,2912.041504,0.478100,0.396994,2893.032715,0.451637,0.475802,2958.571045,0.444193,0.554676,2917.379395,0.442679,0.570719,2909.141113,-1,-1,-1,0.532550,0.530767,2946.000488,-1,-1,-1,-1,-1,-1,-1,-1,-1,0.483303,0.527587,2993.576660,-1,-1,-1,-1,-1,-1,-1,-1,-1
14:45:4.800,-1,-1,-1,0.514362,0.330711,2879.392334,0.520288,0.369368,2881.837402,0.509512,0.470079,2943.648193,0.506667,0.533891,2925.702393,0.517420,0.396171,2898.032959,0.560496,0.403799,2891.371582,0.580029,0.487672,2906.184814,0.542246,0.449199,2746.322021,-1,-1,-1,-1,-1,-1,0.517420,0.396171,2898.032959,0.476423,0.394836,2893.063721,0.450127,0.474610,2930.409424,0.444388,0.555746,2917.745605,0.443235,0.572058,2915.212891,-1,-1,-1,0.532616,0.531065,2932.734375,-1,-1,-1,-1,-1,-1,-1,-1,-1,0.481679,0.529741,2949.480225,-1,-1,-1,-1,-1,-1,-1,-1,-1
14:45:4.843,-1,-1,-1,0.511421,0.330258,2863.523438,0.518778,0.368751,2867.220215,0.510667,0.470367,2915.168945,0.508929,0.534831,2894.520752,0.516613,0.395878,2879.865723,0.560653,0.400308,2840.163574,0.576980,0.485956,2868.404541,0.536395,0.450659,2706.865723,-1,-1,-1,-1,-1,-1,0.516613,0.395878,2879.865723,0.475412,0.397435,2869.531494,0.451102,0.478748,2897.971924,0.443486,0.560772,2904.848145,0.441967,0.577130,2906.223389,-1,-1,-1,0.535058,0.532532,2911.395996,-1,-1,-1,-1,-1,-1,-1,-1,-1,0.482880,0.532247,2912.481445,-1,-1,-1,-1,-1,-1,-1,-1,-1
14:45:4.873,-1,-1,-1,0.509809,0.329117,2839.839844,0.517478,0.368020,2850.336182,0.512767,0.470829,2882.930664,0.512563,0.536027,2860.471436,0.516222,0.395428,2858.953369,0.560103,0.400062,2831.924316,0.573555,0.486315,2819.799561,0.529557,0.451889,2667.833496,-1,-1,-1,-1,-1,-1,0.516222,0.395428,2858.953369,0.474301,0.398306,2833.310059,0.450746,0.479237,2878.189941,0.443543,0.560597,2906.544434,0.442120,0.576679,2912.215332,-1,-1,-1,0.538737,0.535218,2885.865967,-1,-1,-1,-1,-1,-1,-1,-1,-1,0.486445,0.537501,2888.690674,-1,-1,-1,-1,-1,-1,-1,-1,-1
14:45:4.904,-1,-1,-1,0.508652,0.328963,2803.973389,0.516370,0.368419,2817.446289,0.514127,0.472472,2848.428467,0.515047,0.538464,2825.624268,0.515771,0.396182,2825.646484,0.558074,0.403315,2787.057129,0.572675,0.491744,2765.284912,0.526088,0.454146,2627.866211,-1,-1,-1,-1,-1,-1,0.515771,0.396182,2825.646484,0.473009,0.400302,2803.479248,0.452641,0.481487,2888.720215,0.442201,0.562583,2897.646729,0.440121,0.578742,2899.432129,-1,-1,-1,0.541600,0.542526,2852.584717,-1,-1,-1,-1,-1,-1,-1,-1,-1,0.487991,0.545553,2843.192627,-1,-1,-1,-1,-1,-1,-1,-1,-1
14:45:4.937,-1,-1,-1,0.506927,0.330459,2769.726074,0.514914,0.370344,2786.407227,0.514814,0.475647,2816.964111,0.516627,0.542325,2791.890625,0.514887,0.398418,2794.488770,0.557284,0.405958,2774.950195,0.570556,0.495425,2747.965332,0.527909,0.454333,2598.345459,-1,-1,-1,-1,-1,-1,0.514887,0.398418,2794.488770,0.472117,0.405154,2791.559082,0.450580,0.489468,2844.054443,0.439641,0.570261,2875.630371,0.437481,0.586207,2881.945557,-1,-1,-1,0.544080,0.547011,2815.013916,-1,-1,-1,-1,-1,-1,-1,-1,-1,0.488842,0.548093,2810.319580,-1,-1,-1,-1,-1,-1,-1,-1,-1
14:45:4.967,-1,-1,-1,0.505941,0.331253,2736.877686,0.513562,0.371700,2759.951416,0.515074,0.478088,2784.329102,0.517339,0.545454,2755.636963,0.513964,0.400021,2766.399170,0.557116,0.404954,2728.750244,0.570849,0.496528,2723.944580,0.529118,0.454480,2571.045410,-1,-1,-1,-1,-1,-1,0.513964,0.400021,2766.399170,0.469764,0.405250,2747.451416,0.447579,0.490643,2805.168213,0.438708,0.574126,2814.655273,0.436941,0.590755,2816.552734,-1,-1,-1,0.545686,0.547667,2775.090088,-1,-1,-1,-1,-1,-1,-1,-1,-1,0.488272,0.547199,2753.402344,-1,-1,-1,-1,-1,-1,-1,-1,-1
14:45:4.999,-1,-1,-1,0.505462,0.330829,2700.861328,0.512024,0.371787,2734.714844,0.513670,0.478948,2743.124512,0.515840,0.547234,2710.957520,0.512462,0.400289,2736.946533,0.556171,0.405619,2719.016846,0.571114,0.496889,2684.194824,0.528479,0.453622,2534.251709,-1,-1,-1,-1,-1,-1,0.512462,0.400289,2736.946533,0.466773,0.403137,2739.027588,0.442853,0.490073,2767.320801,0.436796,0.575536,2727.754883,0.435563,0.592927,2719.841797,-1,-1,-1,0.544602,0.548411,2733.524414,-1,-1,-1,-1,-1,-1,-1,-1,-1,0.486059,0.548445,2707.184082,-1,-1,-1,-1,-1,-1,-1,-1,-1
14:45:5.33,-1,-1,-1,0.504800,0.329649,2666.956543,0.509965,0.371120,2707.355957,0.510912,0.480559,2702.688477,0.511935,0.549924,2670.040039,0.510213,0.399794,2706.131592,0.554244,0.400855,2645.916260,0.569946,0.495329,2638.122070,0.524257,0.452500,2494.496094,0.514480,0.443336,2465.770996,-1,-1,-1,0.510213,0.399794,2706.131592,0.463674,0.400292,2678.344482,0.436546,0.486333,2732.228027,0.431421,0.571606,2662.654297,0.430364,0.589198,2648.739502,-1,-1,-1,0.541212,0.545349,2697.210449,-1,-1,-1,-1,-1,-1,-1,-1,-1,0.481968,0.545902,2691.542725,-1,-1,-1,-1,-1,-1,-1,-1,-1
14:45:5.66,-1,-1,-1,0.503434,0.328777,2639.762207,0.507652,0.370086,2679.386963,0.505633,0.481408,2661.718750,0.506214,0.551891,2629.590820,0.507130,0.398885,2674.793701,0.553676,0.401500,2643.709961,0.568626,0.496047,2614.590576,0.523414,0.452761,2461.582520,0.513689,0.443450,2430.980957,-1,-1,-1,0.507130,0.398885,2674.793701,0.460679,0.397099,2635.176025,0.430340,0.485505,2641.982666,0.428662,0.576306,2597.054199,0.428320,0.594844,2588.068604,-1,-1,-1,0.535450,0.542234,2668.010742,-1,-1,-1,-1,-1,-1,-1,-1,-1,0.475238,0.542793,2643.669678,-1,-1,-1,-1,-1,-1,-1,-1,-1
14:45:5.96,-1,-1,-1,0.501272,0.326488,2615.375732,0.505004,0.368747,2649.083496,0.500183,0.481770,2623.261963,0.499930,0.553274,2590.294189,0.503768,0.397706,2642.418945,0.552975,0.397308,2622.690674,0.567079,0.492893,2591.743408,0.522363,0.458535,2420.796875,0.512651,0.451072,2386.607666,-1,-1,-1,0.503768,0.397706,2642.418945,0.457599,0.393801,2593.958740,0.425952,0.483362,2578.600830,0.426053,0.576433,2553.801270,0.426073,0.595264,2548.841309,-1,-1,-1,0.530303,0.540970,2620.048096,-1,-1,-1,-1,-1,-1,-1,-1,-1,0.469290,0.541241,2614.125977,-1,-1,-1,-1,-1,-1,-1,-1,-1
14:45:5.126,-1,-1,-1,0.499495,0.322821,2597.193359,0.502299,0.366343,2619.017334,0.497253,0.479657,2594.114990,0.496640,0.551794,2557.604980,0.500995,0.395638,2612.533691,0.551392,0.393803,2614.576172,0.564967,0.488159,2561.045654,0.516201,0.470771,2385.716309,0.505575,0.466983,2350.650391,-1,-1,-1,0.500995,0.395638,2612.533691,0.453621,0.391892,2578.437744,0.426459,0.483787,2545.541504,0.423440,0.577517,2504.796875,0.422824,0.596630,2496.647949,-1,-1,-1,0.527453,0.542212,2584.681641,-1,-1,-1,-1,-1,-1,-1,-1,-1,0.465816,0.542235,2580.274902,-1,-1,-1,-1,-1,-1,-1,-1,-1
14:45:5.157,-1,-1,-1,0.497859,0.317418,2564.581055,0.499703,0.361540,2567.560059,0.495768,0.477072,2563.657227,0.494959,0.549767,2521.919189,0.498674,0.391752,2566.538330,0.549280,0.388904,2531.487061,0.564764,0.486425,2563.363281,0.519528,0.474816,2374.513672,0.509604,0.472269,2336.743652,-1,-1,-1,0.498674,0.391752,2566.538330,0.450566,0.391250,2539.739258,0.423510,0.484339,2512.358398,0.422487,0.573132,2402.652344,0.422270,0.591872,2380.711182,-1,-1,-1,0.526743,0.543945,2541.902344,-1,-1,-1,-1,-1,-1,-1,-1,-1,0.463207,0.545024,2534.994385,-1,-1,-1,-1,-1,-1,-1,-1,-1
14:45:5.190,-1,-1,-1,0.496624,0.313148,2524.947754,0.497606,0.356545,2507.328125,0.494803,0.474424,2528.342529,0.494056,0.548055,2485.697021,0.496865,0.387725,2512.852539,0.547705,0.388426,2497.393799,0.564468,0.485629,2556.616699,0.520918,0.478312,2361.782959,0.511331,0.476701,2322.816162,-1,-1,-1,0.496865,0.387725,2512.852539,0.447553,0.386380,2535.886719,0.420293,0.478936,2486.377197,0.423321,0.564565,2358.586914,0.423967,0.582817,2333.028809,-1,-1,-1,0.525473,0.544226,2511.067627,-1,-1,-1,-1,-1,-1,-1,-1,-1,0.461947,0.544228,2487.631348,-1,-1,-1,-1,-1,-1,-1,-1,-1
14:45:5.237,-1,-1,-1,0.495389,0.308982,2484.463135,0.496016,0.351436,2454.608398,0.494232,0.471011,2494.105957,0.493612,0.545748,2453.724854,0.495540,0.383362,2465.031006,0.546920,0.384821,2456.109375,0.564943,0.481288,2529.544434,0.521585,0.462955,2337.282959,0.512044,0.458921,2298.830566,-1,-1,-1,0.495540,0.383362,2465.031006,0.445007,0.383236,2475.516602,0.417649,0.478831,2452.827637,0.423598,0.551126,2276.929199,0.424900,0.566946,2241.749512,-1,-1,-1,0.525646,0.544505,2477.648682,-1,-1,-1,-1,-1,-1,-1,-1,-1,0.461150,0.543592,2467.644531,-1,-1,-1,-1,-1,-1,-1,-1,-1
14:45:5.271,-1,-1,-1,0.494703,0.304211,2442.430420,0.494833,0.347928,2419.388672,0.493840,0.469013,2458.832031,0.493413,0.545030,2422.463867,0.494567,0.380336,2429.821045,0.545271,0.383483,2449.031006,0.566097,0.482158,2490.211426,0.523838,0.449992,2298.246094,0.514525,0.442903,2259.853027,-1,-1,-1,0.494567,0.380336,2429.821045,0.442735,0.380684,2427.092285,0.415644,0.478395,2392.757568,0.416272,0.555598,2215.491211,0.416410,0.572546,2180.037842,-1,-1,-1,0.525182,0.544797,2457.204590,-1,-1,-1,-1,-1,-1,-1,-1,-1,0.460278,0.544817,2435.011475,-1,-1,-1,-1,-1,-1,-1,-1,-1
14:45:5.301,-1,-1,-1,0.494248,0.300249,2400.955078,0.494117,0.345323,2388.567383,0.493541,0.468223,2416.484863,0.493296,0.545678,2382.095459,0.493963,0.378131,2395.956543,0.545740,0.381403,2409.442139,0.567058,0.481518,2448.048340,0.526905,0.456460,2244.227783,0.517983,0.450892,2203.463623,-1,-1,-1,0.493963,0.378131,2395.956543,0.441261,0.378449,2367.734863,0.411656,0.478032,2363.348389,0.412583,0.540290,2154.116211,0.412791,0.554221,2112.269775,-1,-1,-1,0.527215,0.546139,2396.279785,-1,-1,-1,-1,-1,-1,-1,-1,-1,0.459809,0.545901,2402.462402,-1,-1,-1,-1,-1,-1,-1,-1,-1
14:45:5.332,-1,-1,-1,0.493783,0.297048,2363.602295,0.493410,0.343083,2362.325684,0.493332,0.467587,2379.747803,0.493242,0.546220,2344.821045,0.493390,0.376194,2366.934082,0.545234,0.380204,2392.276611,0.567614,0.480851,2425.475342,0.528736,0.461710,2215.606445,0.520060,0.457438,2173.632568,-1,-1,-1,0.493390,0.376194,2366.934082,0.440581,0.379018,2344.161621,0.408008,0.477982,2330.551025,0.407951,0.539620,2119.562988,0.407938,0.553450,2077.365479,-1,-1,-1,0.527606,0.546774,2364.861572,-1,-1,-1,-1,-1,-1,-1,-1,-1,0.458877,0.547303,2362.537842,-1,-1,-1,-1,-1,-1,-1,-1,-1
14:45:5.366,-1,-1,-1,0.493338,0.292943,2320.639648,0.492971,0.340680,2327.240479,0.493154,0.467397,2341.017578,0.493180,0.547364,2306.424561,0.493019,0.374261,2330.875732,0.546584,0.378128,2332.628662,0.568427,0.480055,2391.917725,0.525854,0.468964,2180.956787,0.516332,0.466483,2138.764648,-1,-1,-1,0.493019,0.374261,2330.875732,0.439838,0.376787,2289.235352,0.404753,0.477312,2275.971680,0.402829,0.551296,2078.056396,0.402399,0.567817,2038.473389,-1,-1,-1,0.527983,0.547691,2331.448242,-1,-1,-1,-1,-1,-1,-1,-1,-1,0.458052,0.548797,2324.709473,-1,-1,-1,-1,-1,-1,-1,-1,-1
14:45:5.400,-1,-1,-1,0.493087,0.292304,2286.239502,0.492676,0.340748,2287.214355,0.493025,0.469762,2304.161621,0.493185,0.551017,2268.611816,0.492768,0.374945,2291.682129,0.546343,0.379071,2321.026611,0.569805,0.483421,2360.920410,0.527288,0.478906,2143.998535,0.517732,0.477891,2100.614258,-1,-1,-1,0.492768,0.374945,2291.682129,0.438175,0.379415,2284.458496,0.402916,0.479605,2229.702393,0.401527,0.564914,2048.248535,0.401218,0.583822,2011.957764,-1,-1,-1,0.529295,0.553735,2284.237549,-1,-1,-1,-1,-1,-1,-1,-1,-1,0.456858,0.552474,2278.863037,-1,-1,-1,-1,-1,-1,-1,-1,-1
14:45:5.431,-1,-1,-1,0.492870,0.292081,2250.352295,0.492448,0.340934,2243.672119,0.492698,0.472344,2265.721680,0.493123,0.554990,2229.211914,0.492514,0.375833,2249.486084,0.546727,0.384333,2249.010986,0.570959,0.487473,2330.003662,0.530753,0.495380,2110.865479,0.521689,0.497162,2067.037842,-1,-1,-1,0.492514,0.375833,2249.486084,0.436942,0.379295,2207.684082,0.400445,0.484542,2192.082275,0.401246,0.568812,2007.664063,0.401424,0.587559,1970.780396,-1,-1,-1,0.529753,0.558561,2248.668945,-1,-1,-1,-1,-1,-1,-1,-1,-1,0.456038,0.559863,2237.292236,-1,-1,-1,-1,-1,-1,-1,-1,-1
14:45:5.464,-1,-1,-1,0.493003,0.292245,2211.534180,0.492360,0.341325,2197.175049,0.492503,0.475372,2224.830322,0.493143,0.559585,2187.809570,0.492398,0.376994,2204.466553,0.547054,0.384029,2241.322021,0.571563,0.491574,2282.921387,0.530409,0.492175,2065.053955,0.521114,0.492310,2021.480469,-1,-1,-1,0.492398,0.376994,2204.466553,0.435436,0.382779,2197.507080,0.399182,0.488500,2166.580322,0.401883,0.569955,1976.478271,0.402487,0.588163,1938.457886,-1,-1,-1,0.530720,0.561269,2206.438232,-1,-1,-1,-1,-1,-1,-1,-1,-1,0.454924,0.563580,2189.096436,-1,-1,-1,-1,-1,-1,-1,-1,-1
14:45:5.497,-1,-1,-1,0.493800,0.293978,2172.309082,0.492899,0.342702,2153.890137,0.492670,0.479304,2182.933838,0.493446,0.565226,2145.891846,0.492838,0.379087,2161.550293,0.551311,0.384791,2159.464600,0.572961,0.494168,2235.467773,0.531304,0.503905,2019.766235,0.521881,0.506107,1976.625977,-1,-1,-1,0.492838,0.379087,2161.550293,0.433762,0.381656,2123.219727,0.398785,0.492096,2139.351318,0.399377,0.570104,1940.630615,0.399510,0.587663,1900.886475,-1,-1,-1,0.532133,0.568437,2157.909912,-1,-1,-1,-1,-1,-1,-1,-1,-1,0.455004,0.569782,2159.466309,-1,-1,-1,-1,-1,-1,-1,-1,-1
14:45:5.528,-1,-1,-1,0.495539,0.292907,2130.277588,0.494342,0.342144,2111.897461,0.493121,0.481431,2136.681152,0.493836,0.569224,2098.448730,0.494017,0.379227,2118.439453,0.552592,0.384225,2157.994629,0.575397,0.497363,2187.876221,0.535560,0.512507,1967.608032,0.526498,0.515952,1923.554443,-1,-1,-1,0.494017,0.379227,2118.439453,0.434472,0.385458,2109.297119,0.398451,0.496416,2079.615234,0.397143,0.581768,1886.800781,0.396848,0.600975,1848.237915,-1,-1,-1,0.533928,0.570104,2101.002686,-1,-1,-1,-1,-1,-1,-1,-1,-1,0.454473,0.576662,2106.242676,-1,-1,-1,-1,-1,-1,-1,-1,-1
14:45:5.559,-1,-1,-1,0.497790,0.290778,2084.977295,0.496130,0.340634,2068.033691,0.493687,0.482726,2090.808594,0.494140,0.572484,2052.078125,0.495479,0.378485,2074.052002,0.556868,0.386068,2075.018799,0.578068,0.501530,2140.168945,0.540713,0.513360,1913.253296,0.532153,0.516071,1867.870117,-1,-1,-1,0.495479,0.378485,2074.052002,0.434340,0.381135,2029.819580,0.402577,0.498580,2055.715332,0.395040,0.589700,1869.844849,0.393349,0.610142,1832.670776,-1,-1,-1,0.534978,0.570454,2063.722900,-1,-1,-1,-1,-1,-1,-1,-1,-1,0.453511,0.570142,2066.887695,-1,-1,-1,-1,-1,-1,-1,-1,-1
14:45:5.591,-1,-1,-1,0.500265,0.286253,2043.601685,0.497872,0.338424,2032.866943,0.494122,0.482922,2047.159058,0.494225,0.574530,2006.472656,0.496875,0.376846,2036.647705,0.557949,0.384520,2074.895508,0.580268,0.503304,2081.707764,0.540109,0.512066,1856.547485,0.530879,0.514080,1811.515381,-1,-1,-1,0.496875,0.376846,2036.647705,0.433882,0.379388,2029.336792,0.402721,0.497604,2031.049072,0.393816,0.593522,1852.920776,0.391825,0.614962,1817.295166,-1,-1,-1,0.535693,0.571470,2025.240356,-1,-1,-1,-1,-1,-1,-1,-1,-1,0.452338,0.572335,2016.811279,-1,-1,-1,-1,-1,-1,-1,-1,-1
14:45:5.637,-1,-1,-1,0.502224,0.280305,2002.338623,0.500140,0.334232,1993.523682,0.495561,0.481497,2005.352661,0.494840,0.574950,1963.449707,0.498922,0.373380,1996.654541,0.564551,0.378390,1988.197510,0.582595,0.503330,2017.368530,0.536752,0.507947,1800.614624,0.526226,0.509007,1757.263794,-1,-1,-1,0.498922,0.373380,1996.654541,0.434297,0.374187,1976.736450,0.402850,0.495080,2003.091431,0.392905,0.597733,1842.241455,0.390703,0.620453,1810.071411,-1,-1,-1,0.537790,0.573747,1973.622192,-1,-1,-1,-1,-1,-1,-1,-1,-1,0.451957,0.574842,1972.633667,-1,-1,-1,-1,-1,-1,-1,-1,-1
14:45:5.669,-1,-1,-1,0.503203,0.272982,1960.770142,0.501382,0.328325,1951.273926,0.496374,0.478787,1967.319580,0.495275,0.574057,1925.990967,0.500049,0.368375,1955.519409,0.566188,0.374787,1962.011475,0.585147,0.501994,1953.034180,0.532100,0.506400,1747.858887,0.519961,0.507408,1706.823853,-1,-1,-1,0.500049,0.368375,1955.519409,0.434585,0.370071,1949.669067,0.402537,0.493139,1957.513306,0.390624,0.599662,1803.552246,0.387993,0.623187,1772.760010,-1,-1,-1,0.537649,0.573194,1945.736572,-1,-1,-1,-1,-1,-1,-1,-1,-1,0.452433,0.573523,1937.443970,-1,-1,-1,-1,-1,-1,-1,-1,-1
14:45:5.702,-1,-1,-1,0.503749,0.265850,1916.182251,0.502044,0.321703,1906.686157,0.496987,0.475416,1931.302124,0.495835,0.572479,1890.816162,0.500692,0.362796,1913.205200,0.567939,0.370094,1910.192505,0.587281,0.500762,1906.704834,0.531304,0.507660,1706.227905,0.518492,0.509239,1666.132568,-1,-1,-1,0.500692,0.362796,1913.205200,0.433734,0.363818,1896.334961,0.401181,0.490193,1912.206909,0.389718,0.606357,1786.307251,0.387229,0.631583,1761.127319,-1,-1,-1,0.538479,0.573390,1908.035645,-1,-1,-1,-1,-1,-1,-1,-1,-1,0.453190,0.573453,1906.540527,-1,-1,-1,-1,-1,-1,-1,-1,-1
14:45:5.733,-1,-1,-1,0.504037,0.258569,1876.750854,0.502411,0.314729,1866.185547,0.497353,0.471367,1895.955444,0.496129,0.570356,1858.262573,0.501053,0.356783,1874.085938,0.568488,0.364545,1892.401001,0.588782,0.495935,1873.568237,0.529617,0.513009,1680.598022,0.516116,0.516905,1642.004028,-1,-1,-1,0.501053,0.356783,1874.085938,0.433160,0.358654,1857.781860,0.400049,0.486952,1884.230103,0.390220,0.611296,1798.901123,0.388141,0.637594,1781.835327,-1,-1,-1,0.539181,0.574529,1868.363647,-1,-1,-1,-1,-1,-1,-1,-1,-1,0.453205,0.574123,1869.501953,-1,-1,-1,-1,-1,-1,-1,-1,-1
14:45:5.765,-1,-1,-1,0.504210,0.252933,1843.424561,0.502625,0.308869,1828.855103,0.497484,0.468298,1861.647583,0.496142,0.569223,1826.526489,0.501239,0.351828,1837.577026,0.570110,0.360636,1841.829346,0.592215,0.494763,1819.180420,0.523999,0.508291,1642.212402,0.508552,0.511354,1606.818848,-1,-1,-1,0.501239,0.351828,1837.577026,0.431437,0.351673,1820.984375,0.398494,0.480998,1865.735352,0.390982,0.608490,1807.067627,0.389421,0.634988,1795.334106,-1,-1,-1,0.538978,0.574888,1842.568848,-1,-1,-1,-1,-1,-1,-1,-1,-1,0.453466,0.573551,1844.678589,-1,-1,-1,-1,-1,-1,-1,-1,-1
14:45:5.797,-1,-1,-1,0.504320,0.248599,1815.168579,0.502833,0.304222,1796.697754,0.497602,0.466199,1829.760376,0.496173,0.568864,1794.422852,0.501420,0.347972,1805.509521,0.571295,0.356832,1813.389771,0.595710,0.491947,1791.786621,0.526306,0.480657,1615.682373,0.510570,0.478097,1580.461548,-1,-1,-1,0.501420,0.347972,1805.509521,0.432089,0.350765,1815.817871,0.396835,0.479830,1849.637207,0.391485,0.609032,1813.387573,0.390389,0.635494,1806.137695,-1,-1,-1,0.539644,0.574674,1806.185425,-1,-1,-1,-1,-1,-1,-1,-1,-1,0.452684,0.570728,1809.166992,-1,-1,-1,-1,-1,-1,-1,-1,-1
14:45:5.829,-1,-1,-1,0.504427,0.243324,1781.673218,0.503024,0.300042,1765.846680,0.497665,0.464776,1794.260254,0.496172,0.569435,1758.033813,0.501577,0.344528,1773.430542,0.573578,0.352114,1758.456787,0.600289,0.490799,1739.981201,0.522471,0.477506,1581.415283,0.504997,0.474521,1549.702148,-1,-1,-1,0.501577,0.344528,1773.430542,0.430359,0.346650,1767.568726,0.397060,0.476391,1835.098755,0.390906,0.606341,1807.142822,0.389653,0.632815,1801.551636,-1,-1,-1,0.540435,0.574943,1766.604126,-1,-1,-1,-1,-1,-1,-1,-1,-1,0.452055,0.571002,1772.086670,-1,-1,-1,-1,-1,-1,-1,-1,-1
14:45:5.863,-1,-1,-1,0.504476,0.235412,1739.297607,0.503111,0.295360,1728.739014,0.497916,0.463496,1756.697632,0.496621,0.570404,1720.238403,0.501706,0.340816,1736.209595,0.574865,0.348667,1735.189087,0.604679,0.487431,1702.463379,0.520857,0.480918,1556.394775,0.502168,0.479466,1527.181030,-1,-1,-1,0.501706,0.340816,1736.209595,0.429351,0.343579,1734.459839,0.394332,0.476641,1790.406250,0.389026,0.609551,1773.989746,0.387952,0.636429,1770.706421,-1,-1,-1,0.541519,0.574694,1731.686401,-1,-1,-1,-1,-1,-1,-1,-1,-1,0.451671,0.572673,1731.731934,-1,-1,-1,-1,-1,-1,-1,-1,-1
14:45:5.896,-1,-1,-1,0.504580,0.227203,1692.986694,0.503196,0.290672,1689.704956,0.498522,0.462574,1718.382324,0.497512,0.571903,1681.909424,0.501931,0.337212,1697.374023,0.576626,0.344867,1693.907593,0.605841,0.487182,1658.815552,0.515407,0.484635,1527.302612,0.495419,0.484072,1501.000000,-1,-1,-1,0.501931,0.337212,1697.374023,0.427900,0.340148,1692.775269,0.392691,0.475313,1757.721680,0.387353,0.610389,1743.660156,0.386275,0.637666,1740.847900,-1,-1,-1,0.543209,0.577044,1689.929932,-1,-1,-1,-1,-1,-1,-1,-1,-1,0.451896,0.574092,1693.829834,-1,-1,-1,-1,-1,-1,-1,-1,-1
14:45:5.928,-1,-1,-1,0.504370,0.220565,1650.312134,0.503261,0.286721,1650.013428,0.498826,0.462849,1677.347534,0.497985,0.574831,1639.350342,0.502061,0.334380,1657.321533,0.578364,0.342020,1654.566772,0.608811,0.487178,1617.668457,0.517556,0.501340,1489.127075,0.497381,0.504470,1463.418823,-1,-1,-1,0.502061,0.334380,1657.321533,0.426541,0.337665,1658.628174,0.390260,0.475825,1718.976074,0.385983,0.611647,1718.929443,0.385127,0.638812,1718.920166,-1,-1,-1,0.544835,0.580011,1640.298462,-1,-1,-1,-1,-1,-1,-1,-1,-1,0.451058,0.576572,1643.790283,-1,-1,-1,-1,-1,-1,-1,-1,-1
14:45:5.958,-1,-1,-1,0.503728,0.216631,1607.026001,0.503291,0.285346,1608.603027,0.499014,0.466383,1634.245728,0.498221,0.581500,1596.712402,0.502137,0.334211,1615.444824,0.580228,0.342124,1608.222778,0.612330,0.490739,1575.955200,0.516541,0.498263,1455.036865,0.495441,0.499920,1430.853149,-1,-1,-1,0.502137,0.334211,1615.444824,0.425256,0.339040,1616.346313,0.388131,0.478242,1685.876831,0.381636,0.617396,1655.638550,0.380309,0.645839,1649.590942,-1,-1,-1,0.546017,0.585106,1602.646118,-1,-1,-1,-1,-1,-1,-1,-1,-1,0.450752,0.580476,1609.004395,-1,-1,-1,-1,-1,-1,-1,-1,-1
14:45:5.991,-1,-1,-1,0.502291,0.214121,1566.137817,0.503061,0.284813,1565.929199,0.498917,0.471121,1592.084717,0.498271,0.589465,1554.346802,0.501944,0.335016,1572.892212,0.581895,0.342953,1566.980713,0.615782,0.493922,1531.715820,0.513808,0.504466,1420.450439,-1,-1,-1,-1,-1,-1,0.501944,0.335016,1572.892212,0.423344,0.339534,1582.265869,0.384344,0.483222,1630.865723,0.379381,0.627596,1622.348877,0.378382,0.656653,1620.645508,-1,-1,-1,0.547149,0.593100,1557.175903,-1,-1,-1,-1,-1,-1,-1,-1,-1,0.449784,0.588061,1566.173828,-1,-1,-1,-1,-1,-1,-1,-1,-1
14:45:6.41,-1,-1,-1,0.500526,0.211628,1525.360840,0.502119,0.284033,1521.824463,0.498401,0.475772,1551.013672,0.497775,0.597332,1511.205078,0.501116,0.335737,1529.586670,0.583695,0.342277,1518.204834,0.618485,0.498686,1501.400269,0.513601,0.512246,1385.815186,-1,-1,-1,-1,-1,-1,0.501116,0.335737,1529.586670,0.420108,0.339924,1536.343262,0.381199,0.488987,1578.658447,0.375385,0.640753,1565.595947,0.374211,0.671411,1562.983398,-1,-1,-1,0.547234,0.606690,1514.598755,-1,-1,-1,-1,-1,-1,-1,-1,-1,0.447442,0.597990,1509.547974,-1,-1,-1,-1,-1,-1,-1,-1,-1
14:45:6.78,-1,-1,-1,0.498103,0.207324,1481.044067,0.500186,0.282253,1478.069580,0.497929,0.479459,1508.902344,0.497425,0.604591,1468.855835,0.499577,0.335523,1486.273193,0.584026,0.341186,1482.587769,0.620935,0.500438,1458.362549,0.521593,0.533066,1322.421021,-1,-1,-1,-1,-1,-1,0.499577,0.335523,1486.273193,0.416578,0.340702,1492.987061,0.377965,0.494021,1537.157227,0.371499,0.650138,1515.380615,0.370184,0.681901,1511.025269,-1,-1,-1,0.548297,0.613475,1470.668213,-1,-1,-1,-1,-1,-1,-1,-1,-1,0.446101,0.608431,1470.403076,-1,-1,-1,-1,-1,-1,-1,-1,-1
14:45:6.109,-1,-1,-1,0.494999,0.203388,1440.633179,0.498093,0.280071,1434.693359,0.497384,0.482555,1469.395752,0.497178,0.611309,1430.868896,0.497901,0.335009,1443.945801,0.584625,0.339110,1441.395386,0.621305,0.504014,1417.619751,0.516024,0.526799,1286.268555,-1,-1,-1,-1,-1,-1,0.497901,0.335009,1443.945801,0.412090,0.340319,1442.700317,0.374435,0.499945,1489.739746,0.365016,0.661414,1451.990845,0.363073,0.694720,1444.441040,-1,-1,-1,0.549053,0.612121,1443.463989,-1,-1,-1,-1,-1,-1,-1,-1,-1,0.444951,0.609066,1439.945679,-1,-1,-1,-1,-1,-1,-1,-1,-1
14:45:6.141,-1,-1,-1,0.490583,0.198192,1404.269287,0.495187,0.275659,1392.334229,0.495485,0.483579,1429.024414,0.494725,0.616223,1393.685303,0.495268,0.332312,1402.143433,0.583862,0.336009,1404.257813,0.617993,0.507744,1386.440186,0.506964,0.524736,1252.520142,-1,-1,-1,-1,-1,-1,0.495268,0.332312,1402.143433,0.407221,0.337317,1406.590576,0.368668,0.503426,1444.320801,0.360444,0.673584,1399.106445,0.358736,0.708944,1390.063599,-1,-1,-1,0.548347,0.613099,1401.272705,-1,-1,-1,-1,-1,-1,-1,-1,-1,0.441477,0.611886,1404.890381,-1,-1,-1,-1,-1,-1,-1,-1,-1
14:45:6.173,-1,-1,-1,0.487827,0.189535,1367.608398,0.492817,0.267310,1353.185425,0.493937,0.480934,1392.654175,0.492919,0.617182,1362.073364,0.493123,0.325684,1363.746582,0.584108,0.328544,1363.314941,0.615009,0.504421,1363.781250,0.503805,0.524176,1226.665039,-1,-1,-1,-1,-1,-1,0.493123,0.325684,1363.746582,0.402121,0.330106,1361.460327,0.362216,0.499871,1396.119385,0.349312,0.669954,1289.684448,0.346471,0.707396,1268.397461,-1,-1,-1,0.547152,0.614284,1375.302490,-1,-1,-1,-1,-1,-1,-1,-1,-1,0.438665,0.614408,1372.606934,-1,-1,-1,-1,-1,-1,-1,-1,-1
14:45:6.203,-1,-1,-1,0.486123,0.177840,1328.521118,0.491122,0.257536,1316.298706,0.492555,0.477286,1357.191895,0.491639,0.617137,1330.921997,0.491514,0.317627,1327.234253,0.584001,0.321586,1328.929565,0.615890,0.500292,1338.682373,0.504173,0.525514,1200.359375,-1,-1,-1,-1,-1,-1,0.491514,0.317627,1327.234253,0.398541,0.322294,1326.592773,0.356600,0.496744,1344.860352,0.344510,0.672370,1236.483398,0.341833,0.711256,1214.807983,-1,-1,-1,0.546977,0.617698,1344.990112,-1,-1,-1,-1,-1,-1,-1,-1,-1,0.435829,0.616968,1338.308472,-1,-1,-1,-1,-1,-1,-1,-1,-1
14:45:6.235,-1,-1,-1,0.485352,0.165068,1292.177979,0.489978,0.246725,1282.401611,0.491045,0.473102,1321.770996,0.490237,0.616686,1298.609619,0.490269,0.308460,1292.903442,0.585149,0.311305,1296.790649,0.616069,0.497185,1306.144897,0.501734,0.526699,1169.408569,-1,-1,-1,-1,-1,-1,0.490269,0.308460,1292.903442,0.395268,0.313048,1289.845215,0.350420,0.494981,1294.840454,0.340140,0.675640,1180.211060,0.337840,0.716066,1157.285156,-1,-1,-1,0.547075,0.622266,1309.123779,-1,-1,-1,-1,-1,-1,-1,-1,-1,0.432723,0.620028,1302.231689,-1,-1,-1,-1,-1,-1,-1,-1,-1
14:45:6.267,-1,-1,-1,0.485272,0.149839,1254.665527,0.489233,0.233964,1248.477539,0.489943,0.467458,1285.816406,0.489226,0.615007,1264.541504,0.489426,0.297429,1258.410034,0.585233,0.303420,1264.278198,0.616973,0.493395,1290.328369,0.514599,0.531197,1127.684692,-1,-1,-1,-1,-1,-1,0.489426,0.297429,1258.410034,0.391413,0.300276,1242.989258,0.345434,0.490216,1241.083252,0.335227,0.677301,1122.532715,0.332921,0.719562,1098.822632,-1,-1,-1,0.546928,0.625120,1277.580322,-1,-1,-1,-1,-1,-1,-1,-1,-1,0.430257,0.623287,1264.818481,-1,-1,-1,-1,-1,-1,-1,-1,-1
14:45:6.297,-1,-1,-1,0.485584,0.134863,1219.369507,0.488772,0.223082,1215.807373,0.489229,0.463561,1254.036255,0.488558,0.614862,1231.539063,0.488896,0.288343,1225.949585,0.585734,0.296575,1237.372314,0.619286,0.490926,1263.563965,0.533813,0.540957,1075.937988,-1,-1,-1,-1,-1,-1,0.488896,0.288343,1225.949585,0.390018,0.294222,1215.509033,0.341015,0.488494,1199.302612,0.331055,0.671084,1051.756470,0.328718,0.713927,1022.247253,-1,-1,-1,0.547655,0.628361,1244.268677,-1,-1,-1,-1,-1,-1,-1,-1,-1,0.428233,0.626581,1233.235107,-1,-1,-1,-1,-1,-1,-1,-1,-1
14:45:6.327,-1,-1,-1,0.487820,0.121724,1185.927002,0.488829,0.213477,1183.070557,0.488757,0.461165,1222.201172,0.488259,0.616450,1197.913086,0.488809,0.280629,1193.429810,0.588305,0.289440,1197.493530,0.622325,0.490075,1233.041260,0.564112,0.579505,1031.882690,-1,-1,-1,-1,-1,-1,0.488809,0.280629,1193.429810,0.387550,0.286098,1174.620850,0.337824,0.488269,1162.482910,0.328143,0.667627,998.556641,0.325812,0.710805,965.771362,-1,-1,-1,0.549496,0.632537,1204.262085,-1,-1,-1,-1,-1,-1,-1,-1,-1,0.426180,0.630569,1197.261841,-1,-1,-1,-1,-1,-1,-1,-1,-1
14:45:6.358,-1,-1,-1,0.489950,0.109808,1154.222168,0.489013,0.204407,1150.266357,0.488025,0.459704,1187.646851,0.487503,0.619578,1161.577026,0.488745,0.273490,1160.147217,0.589515,0.284601,1173.017822,0.625828,0.490222,1201.153931,0.583997,0.600600,996.370056,-1,-1,-1,-1,-1,-1,0.488745,0.273490,1160.147217,0.385263,0.279128,1145.285156,0.335362,0.487350,1123.731934,0.310817,0.669183,949.832336,0.304789,0.713843,915.052429,-1,-1,-1,0.549964,0.635008,1175.725342,-1,-1,-1,-1,-1,-1,-1,-1,-1,0.423560,0.634121,1162.375366,-1,-1,-1,-1,-1,-1,-1,-1,-1
14:45:6.391,-1,-1,-1,0.491396,0.099393,1123.595093,0.489377,0.196320,1117.246582,0.487499,0.459456,1152.185913,0.486991,0.624361,1124.960205,0.488869,0.267422,1126.476807,0.592932,0.278409,1137.374268,0.629082,0.490140,1175.623413,0.584757,0.611940,977.591797,-1,-1,-1,-1,-1,-1,0.488869,0.267422,1126.476807,0.382020,0.270894,1103.128662,0.333871,0.489224,1087.377808,0.296532,0.672603,905.138489,0.287185,0.718512,868.690613,-1,-1,-1,0.551436,0.636935,1140.807617,-1,-1,-1,-1,-1,-1,-1,-1,-1,0.421135,0.637964,1126.104004,-1,-1,-1,-1,-1,-1,-1,-1,-1
14:45:6.439,-1,-1,-1,0.494823,0.089668,1092.168091,0.490642,0.189205,1084.421021,0.487752,0.460124,1115.304810,0.487464,0.630631,1085.169312,0.489861,0.262359,1092.590576,0.596584,0.273669,1111.217407,0.633761,0.491277,1145.387085,0.586847,0.605981,941.713745,-1,-1,-1,-1,-1,-1,0.489861,0.262359,1092.590576,0.379846,0.265343,1072.498779,0.324995,0.488099,1044.821411,0.282753,0.674977,856.812012,0.271978,0.722646,819.210144,-1,-1,-1,0.554883,0.639863,1095.562500,-1,-1,-1,-1,-1,-1,-1,-1,-1,0.419172,0.643299,1079.505981,-1,-1,-1,-1,-1,-1,-1,-1,-1
14:45:6.474,-1,-1,-1,0.500638,0.083124,1059.002197,0.493371,0.186216,1052.356201,0.489579,0.465070,1073.531128,0.488984,0.642536,1040.235474,0.492351,0.261209,1057.968262,0.603254,0.272192,1074.448975,0.640837,0.497182,1110.770752,0.591508,0.596251,895.891663,-1,-1,-1,-1,-1,-1,0.492351,0.261209,1057.968262,0.377344,0.258681,1029.421387,0.310997,0.486861,994.661682,0.275153,0.686473,805.505371,0.265864,0.738200,767.674133,-1,-1,-1,0.562452,0.648438,1036.236816,-1,-1,-1,-1,-1,-1,-1,-1,-1,0.415445,0.649629,1035.282837,-1,-1,-1,-1,-1,-1,-1,-1,-1
14:45:6.503,-1,-1,-1,0.507029,0.081418,1024.428955,0.497295,0.187842,1017.376709,0.492169,0.475389,1028.114502,0.491137,0.661303,991.975525,0.495922,0.264874,1020.231201,0.611523,0.274652,1037.706177,0.650510,0.507098,1072.509277,0.599886,0.586438,845.577332,-1,-1,-1,-1,-1,-1,0.495922,0.264874,1020.231201,0.376379,0.259678,993.803955,0.305742,0.495232,960.105774,0.272231,0.698846,759.770081,0.263290,0.753172,719.702942,-1,-1,-1,0.569065,0.662235,993.243835,-1,-1,-1,-1,-1,-1,-1,-1,-1,0.413917,0.661558,999.201843,-1,-1,-1,-1,-1,-1,-1,-1,-1
14:45:6.535,-1,-1,-1,0.513312,0.081187,989.186462,0.501438,0.189555,977.498901,0.494138,0.488085,984.033936,0.492425,0.683132,947.186157,0.499484,0.269463,979.239624,0.619688,0.281895,991.363403,0.660531,0.526720,1041.834961,0.609419,0.603861,814.732727,-1,-1,-1,-1,-1,-1,0.499484,0.269463,979.239624,0.373298,0.256787,951.451172,0.303324,0.511481,914.290344,0.273778,0.734731,718.991577,0.265831,0.794771,679.931824,-1,-1,-1,0.573950,0.693315,951.576843,-1,-1,-1,-1,-1,-1,-1,-1,-1,0.411909,0.693629,956.922913,-1,-1,-1,-1,-1,-1,-1,-1,-1
14:45:6.566,-1,-1,-1,0.518986,0.085109,956.215881,0.505698,0.193796,936.776611,0.495086,0.508956,938.908142,0.492971,0.714702,899.866516,0.502901,0.276859,937.337463,0.627228,0.291762,956.085632,0.674105,0.550438,981.851990,0.607234,0.623846,759.680542,0.588875,0.644000,715.246277,-1,-1,-1,0.502901,0.276859,937.337463,0.372123,0.264466,918.075745,0.299025,0.530636,877.243652,0.276743,0.765016,677.853394,0.270615,0.829472,637.975342,-1,-1,-1,0.577989,0.724345,911.600220,-1,-1,-1,-1,-1,-1,-1,-1,-1,0.410377,0.726487,918.926025,-1,-1,-1,-1,-1,-1,-1,-1,-1
14:45:6.600,-1,-1,-1,0.525292,0.089029,922.782837,0.511211,0.198055,896.161133,0.496544,0.530522,895.544617,0.493485,0.747556,857.650024,0.507391,0.284643,896.000488,0.640799,0.293331,905.562683,0.689618,0.572533,890.699280,0.592988,0.644789,682.908936,0.566149,0.664859,641.350891,-1,-1,-1,0.507391,0.284643,896.000488,0.370076,0.261933,869.090027,0.298981,0.546060,840.950623,0.246640,0.800614,641.484436,0.232007,0.871781,601.591187,-1,-1,-1,0.580593,0.753291,881.967041,-1,-1,-1,-1,-1,-1,-1,-1,-1,0.407740,0.746718,887.078186,-1,-1,-1,-1,-1,-1,-1,-1,-1
14:45:6.632,-1,-1,-1,0.531585,0.091667,892.180786,0.517829,0.199692,857.314819,0.498150,0.549614,855.427979,0.493589,0.777840,819.801086,0.512749,0.290026,856.826904,0.648947,0.295929,890.447693,0.697551,0.574985,800.357422,0.578128,0.678838,603.355957,0.544232,0.708316,563.955688,-1,-1,-1,0.512749,0.290026,856.826904,0.370436,0.263532,847.604797,0.314651,0.560546,798.778687,0.223896,0.851038,617.348938,0.198944,0.930905,581.062988,-1,-1,-1,0.581845,0.777482,848.713562,-1,-1,-1,-1,-1,-1,-1,-1,-1,0.406107,0.777130,847.361694,-1,-1,-1,-1,-1,-1,-1,-1,-1
14:45:6.665,-1,-1,-1,0.535734,0.087535,860.240601,0.523919,0.197129,821.243408,0.499951,0.564096,822.493103,0.494397,0.802283,788.054199,0.517752,0.291546,821.564575,0.666518,0.289842,831.063965,0.696479,0.593082,736.039246,0.565641,0.702975,536.391357,0.526846,0.735560,496.461792,-1,-1,-1,0.517752,0.291546,821.564575,0.368839,0.251565,788.390015,0.310527,0.573477,756.579895,0.218250,0.904805,602.295532,0.193815,0.992540,571.438660,-1,-1,-1,0.585938,0.796634,819.704590,-1,-1,-1,-1,-1,-1,-1,-1,-1,0.404065,0.802967,814.326477,-1,-1,-1,-1,-1,-1,-1,-1,-1
14:45:6.696,-1,-1,-1,0.539296,0.073634,823.920410,0.529134,0.194245,793.175110,0.504278,0.575962,795.214783,0.498271,0.822422,764.252747,0.522765,0.292057,793.696777,0.669411,0.291147,828.010864,0.696408,0.588601,716.000732,0.558104,0.705382,519.152710,-1,-1,-1,-1,-1,-1,0.522765,0.292057,793.696777,0.372608,0.264339,783.087341,0.303885,0.585378,738.392090,0.211033,0.932270,592.525818,0.186693,1.023205,563.352539,-1,-1,-1,0.590644,0.810165,798.145142,-1,-1,-1,-1,-1,-1,-1,-1,-1,0.420192,0.811187,819.949768,-1,-1,-1,-1,-1,-1,-1,-1,-1
14:45:6.727,-1,-1,-1,0.540036,0.056603,787.940857,0.532916,0.186807,762.880615,0.509202,0.584275,773.746094,0.502778,0.836312,749.423096,0.526811,0.289137,765.648743,0.687734,0.281749,758.991211,0.707784,0.623756,700.465088,0.546947,0.682021,512.607727,-1,-1,-1,-1,-1,-1,0.526811,0.289137,765.648743,0.368945,0.245959,725.124268,0.297448,0.589319,723.326843,0.216238,0.949762,584.039978,0.195114,1.043514,556.182617,-1,-1,-1,0.598003,0.822456,781.718384,-1,-1,-1,-1,-1,-1,-1,-1,-1,0.429669,0.829964,810.654785,-1,-1,-1,-1,-1,-1,-1,-1,-1
14:45:6.757,-1,-1,-1,0.538891,0.031365,745.244019,0.536259,0.180005,738.271484,0.512477,0.590981,754.917969,0.506152,0.849603,731.025391,0.530118,0.286129,742.499268,0.685551,0.281822,772.348938,0.734414,0.612649,718.262024,0.574159,0.668707,540.845581,-1,-1,-1,-1,-1,-1,0.530118,0.286129,742.499268,0.369541,0.253311,733.029541,0.289708,0.591706,704.294922,0.205454,0.960815,551.194397,-1,-1,-1,-1,-1,-1,0.604795,0.840457,754.503418,-1,-1,-1,-1,-1,-1,-1,-1,-1,0.423361,0.857756,770.303040,-1,-1,-1,-1,-1,-1,-1,-1,-1
14:45:6.791,-1,-1,-1,0.525986,0.001243,685.088989,0.539931,0.174646,717.326355,0.517112,0.598491,734.881958,0.510438,0.865300,709.109375,0.534045,0.283977,721.774048,0.709541,0.266870,693.550842,0.761636,0.621228,716.011047,0.580657,0.658786,556.948853,-1,-1,-1,-1,-1,-1,0.534045,0.283977,721.774048,0.365407,0.223883,661.984741,0.284294,0.587524,683.583069,0.225076,0.981879,541.712097,-1,-1,-1,-1,-1,-1,0.609042,0.867199,732.782959,-1,-1,-1,-1,-1,-1,-1,-1,-1,0.433465,0.905746,736.361511,-1,-1,-1,-1,-1,-1,-1,-1,-1
14:45:6.838,-1,-1,-1,0.495284,0.011151,616.310425,0.544271,0.170543,698.026001,0.526866,0.601199,716.825012,0.520769,0.875564,689.780518,0.539721,0.283116,702.844238,0.719692,0.262404,670.193909,0.773461,0.635501,694.802673,0.577719,0.664594,546.049133,-1,-1,-1,-1,-1,-1,0.539721,0.283116,702.844238,0.363297,0.221739,653.258606,0.275227,0.599815,663.603210,0.259310,1.010338,534.514282,-1,-1,-1,-1,-1,-1,0.617733,0.894853,713.286133,-1,-1,-1,-1,-1,-1,-1,-1,-1,0.439759,0.919891,719.367798,-1,-1,-1,-1,-1,-1,-1,-1,-1
