"0",0,0,0,0,0,0,0,0,0,0,0,0,0,0,0,0,0,0,0,0,0,0,0,0,0,0,0,0,0,0,0,0,0,0,0,0
"0",0,0,0,0,0,0,0,0,0,0,0,0,0,0,0,0,0,0,0,0,0,0,0,0,0,0,0,0,0,0,0,0,0,0,0,0
"0",0,0,0,0,0,0,0,0,0,0,0,0,0,0,0,0,0,0,0,0,0,0,0,0,0,0,0,0,0,0,0,0,0,0,0,0
"0",0,0,0,0,0,0,0,0,0,0,0,0,0,0,0,0,0,0,0,0,0,0,0,0,0,0,0,0,0,0,0,0,0,0,0,0
"0",0,0,0,0,0,0,0,0,0,0,0,0,0,0,0,0,0,0,0,0,0,0,0,0,0,0,0,0,0,0,0,0,0,0,0,0
"0",0,0,0,0,0,0,0,0,0,0,0,0,0,0,0,0,0,0,0,0,0,0,0,0,0,0,0,0,0,0,0,0,0,0,0,0
"0",0,0,0,0,0,0,0,0,0,0,0,0,0,0,0,0,0,0,0,0,0,0,0,0,0,0,0,0,0,0,0,0,0,0,0,0
"0",0,0,0,0,0,0,0,0,0,0,0,0,0,0,0,0,0,0,0,0,0,0,0,0,0,0,0,0,0,0,0,0,0,0,0,0
"0",0,0,0,0,0,0,0,0,0,0,0,0,0,0,0,0,0,0,0,0,0,0,0,0,0,0,0,0,0,0,0,0,0,0,0,0
"0",0,0,0,0,0,0,0,0,0,0,0,0,0,0,0,0,0,0,0,0,0,0,0,0,0,0,0,0,0,0,0,0,0,0,0,0
"0",0,0,0,0,0,0,0,0,0,0,0,0,0,0,0,0,0,0,0,0,0,0,0,0,0,0,0,0,0,0,0,0,0,0,0,0
"0",0,0,0,0,0,0,0,0,0,0,0,0,0,0,0,0,0,0,0,0,0,0,0,0,0,0,0,0,0,0,0,0,0,0,0,0
"0",0,0,0,0,0,0,0,0,0,0,0,0,0,0,0,0,0,0,0,0,0,0,0,0,0,0,0,0,0,0,0,0,0,0,0,0
"0",0,0,0,0,0,0,0,0,0,0,0,0,0,0,0,0,0,0,0,0,0,0,0,0,0,0,0,0,0,0,0,0,0,0,0,0
"0",0,0,0,0,0,0,0,0,0,0,0,0,0,0,0,0,0,0,0,0,0,0,0,0,0,0,0,0,0,0,0,0,0,0,0,0
"0",0,0,0,0,0,0,0,0,0,0,0,0,0,0,0,0,0,0,0,0,0,0,0,0,0,0,0,0,0,0,0,0,0,0,0,0
"0",0,0,0,0,0,0,0,0,0,0,0,0,0,0,0,0,0,0,0,0,0,0,0,0,0,0,0,0,0,0,0,0,0,0,0,0
"0",0,0,0,0,0,0,0,0,0,0,0,0,0,0,0,0,0,0,0,0,0,0,0,0,0,0,0,0,0,0,0,0,0,0,0,0
"18:15:24.730",-5.33333333333194e-06,-0.312329848484847,3.86363636363644e-05,-1.59090909090908e-05,-0.273245151515146,0,0,0,0,-1.16666666666674e-05,-0.162131575757568,-7.42424242424396e-06,1.32727272727254e-05,0.00521572727272239,0,0,0,0,1.61851068827819e-06,-0.00819738441497448,-6.2765071433145e-07,-6.98315074636391e-08,-0.0142713224208253,0,0,0,0,1.01714822645019e-07,-0.00219639024494386,-4.30051038930607e-07,-1.20699596386771e-07,0.000318920558651794,0,0,0,0
"18:15:24.760",3.05666666666667e-05,-0.412752300000011,4.0433333333334e-05,5.95999999999985e-05,-0.214046233333344,0,0,0,0,-7.09999999999877e-06,-0.696492500000007,-1.38333333333314e-05,3.18000000000003e-05,-0.00606280000000273,0,0,0,0,1.19666666666662e-06,-0.00334741505050545,5.98989898989853e-08,2.51696969696965e-06,0.00197329727272674,0,0,0,0,1.52222222222288e-07,-0.0178120308080813,-2.13636363636249e-07,6.17575757575831e-07,-0.000375950909090837,0,0,0,0
"18:15:24.793",6.93636363636359e-05,-0.366765787878786,-3.70909090909092e-05,0.000208363636363638,0.0746034545454539,0,0,0,0,-1.58181818181825e-05,-0.860492151515149,-1.748484848485e-05,3.96969696969673e-06,-0.0310946363636255,0,0,0,0,1.17566574839301e-06,0.00139353067034014,-2.34921946740131e-06,4.50798898071634e-06,0.00874696023875145,0,0,0,0,-2.64187327823749e-07,-0.00496968640954976,-1.10651974288441e-07,-8.43342516069806e-07,-0.000758540495867358,0,0,0,0
"18:15:24.824",0.000104516129032257,-0.460323225806449,0.000216387096774195,-0.000295967741935485,-1.07608522580644,0,0,0,0,5.44193548387095e-05,-0.0171607096774184,-2.14193548387096e-05,2.3516129032261e-05,-0.0559554838709735,0,0,0,0,1.13395137640713e-06,-0.00301798186863429,8.17670986661627e-06,-1.62687541386814e-05,-0.0371189896887708,0,0,0,0,2.265726988932e-06,0.0272042400592816,-1.26919559801923e-07,6.30530066534331e-07,-0.000801962822817675,0,0,0,0
"18:15:24.857",6.50000000000002e-05,-0.356645060606063,-0.000201727272727273,0.000392060606060608,0.0981371212121138,0,0,0,0,0.000136212121212122,0.0561523333333367,-7.02727272727261e-05,0.000130272727272726,-0.198678666666665,0,0,0,0,-1.19745845552293e-06,0.00314176258182989,-1.26701324091354e-05,2.08493438786695e-05,0.0355824953641987,0,0,0,0,2.4785686779822e-06,0.00222160736396228,-1.48040522527323e-06,3.23504843152923e-06,-0.00432494493320278,0,0,0,0
"18:15:24.888",7.74193548387155e-06,-0.176442774193542,-1.05483870967767e-05,-5.2580645161291e-05,-0.497440451612904,0,0,0,0,8.27741935483875e-05,-0.0298481612903303,2.58064516128932e-06,9.19354838709684e-05,-0.541031387096771,0,0,0,0,-1.84703433922996e-06,0.00581297698104905,6.16706082679022e-06,-1.43432661684484e-05,-0.0192121797685489,0,0,0,0,-1.72380411818498e-06,-0.00277420950398926,2.35010878819404e-06,-1.23668527102442e-06,-0.0110436361429066,0,0,0,0
"18:15:24.921",-5.48484848484808e-06,-0.168138909090913,-0.000426787878787878,0.000258121212121213,-0.102642636363629,0,0,0,0,0.000170878787878786,0.00699869696970354,7.08787878787873e-05,0.00015809090909091,-0.758115818181826,0,0,0,0,-4.00811635415746e-07,0.000251632275837259,-1.26133179300334e-05,9.41520779643951e-06,0.0119635701590689,0,0,0,0,2.66983619183027e-06,0.00111657146242527,2.06964068840903e-06,2.00470985514974e-06,-0.00657831609348652,0,0,0,0
"18:15:24.955",-2.69705882352942e-05,-0.16040758823529,0.000235147058823532,-0.000320205882352942,-0.794519764705884,0,0,0,0,0.000183529411764707,-0.250028705882361,3.44411764705892e-05,0.000185617647058822,-0.44846479411764,0,0,0,0,-6.31933522071943e-07,0.000227391789871261,1.94686746356297e-05,-1.70096204257104e-05,-0.020349327304184,0,0,0,0,3.72077173115301e-07,-0.00755962949564895,-1.0716944531823e-06,8.09609940232715e-07,0.00910738306071136,0,0,0,0
"18:15:24.985",-7.4e-06,-0.197591133333344,9.59666666666655e-05,-8.40333333333332e-05,-0.149422199999996,0,0,0,0,-0.0001327,-0.603898133333329,-1.83666666666656e-05,-0.000143599999999999,0.167195633333328,0,0,0,0,6.52352941176472e-07,-0.00123945150326848,-4.63934640522888e-06,7.87241830065364e-06,0.0215032521568629,0,0,0,0,-1.05409803921569e-05,-0.011795647581699,-1.76026143790849e-06,-1.09739215686274e-05,0.0205220142483656,0,0,0,0
"18:15:25.16",0.000144258064516128,-0.327345322580641,3.54838709677416e-05,0.000105612903225806,-0.411684096774201,0,0,0,0,0.000172709677419356,-0.881095612903224,-3.29999999999999e-05,0.000175677419354837,-0.00299267741935006,0,0,0,0,4.89219562955252e-06,-0.0041856190079773,-1.95105792577174e-06,6.11762053416579e-06,-0.00846006118626466,0,0,0,0,9.85192507804374e-06,-0.00894185417967402,-4.72043010752718e-07,1.02992715920915e-05,-0.0054899455081509,0,0,0,0
"18:15:25.50",9.02647058823526e-05,-0.278607529411762,-2.21176470588228e-05,4.91470588235304e-05,-0.259916411764701,0,0,0,0,-0.000288088235294118,0.807617176470585,-5.86176470588242e-05,-0.000306529411764704,-0.599889411764707,0,0,0,0,-1.58803995981693e-06,0.00143346450496701,-1.69416229489895e-06,-1.66076012947871e-06,0.00446375544145588,0,0,0,0,-1.35528797856904e-05,0.0496680232168767,-7.5346020761248e-07,-1.41825538564571e-05,-0.0175557863042752,0,0,0,0
"18:15:25.98",0.000153125,-0.523320520833333,6.41458333333321e-05,0.000145312499999999,-0.438125604166667,0,0,0,0,0.000241895833333333,-1.028279625,2.4375000000007e-06,0.000286562499999999,-0.811869312500003,0,0,0,0,1.30958946078433e-06,-0.00509818732128272,1.79715584150323e-06,2.00344669117643e-06,-0.0037126915083743,0,0,0,0,1.10413347630719e-05,-0.0382478500306372,1.27198223039219e-06,1.2356081495098e-05,-0.00441624793198534,0,0,0,0
"18:15:25.130",7.70000000000007e-05,-0.235878,-3.13124999999984e-05,0.0002166875,-0.0790786875000009,0,0,0,0,9.69999999999999e-05,-0.124435437499997,-4.26562500000019e-05,9.44687499999999e-05,-0.0428543124999976,0,0,0,0,-2.37890624999999e-06,0.00898257877604166,-2.98307291666658e-06,2.23046875000003e-06,0.0112202161458333,0,0,0,0,-4.52799479166666e-06,0.0282451308593751,-1.40917968750008e-06,-6.00292968749998e-06,0.0240317187500002,0,0,0,0
"18:15:25.162",0.000262249999999999,-0.841033937500001,0.000142750000000001,0.00026434375,-1.13502503125001,0,0,0,0,-2.16249999999991e-05,-0.6557235625,-0.000100906249999998,-2.92187500000006e-05,-0.00096893750000504,0,0,0,0,5.78906249999993e-06,-0.018911123046875,5.43945312499996e-06,1.4892578125e-06,-0.0329983232421878,0,0,0,0,-3.70703124999997e-06,-0.0166027539062501,-1.82031249999987e-06,-3.86523437500002e-06,0.00130891796874977,0,0,0,0
"18:15:25.193",0.000222774193548388,-3.53771577419355,0.000100645161290323,0.00094874193548387,-2.01651493548387,0,0,0,0,-3.47741935483879e-05,-0.692422193548385,-0.000134612903225809,-5.94516129032235e-05,-0.0736989677419285,0,0,0,0,-1.27341311134228e-06,-0.086989736667534,-1.35822060353799e-06,2.20773608220603e-05,-0.0284351582010922,0,0,0,0,-4.24167533818993e-07,-0.00118382680801239,-1.08731139438102e-06,-9.75253642039448e-07,-0.00234613000780398,0,0,0,0
"18:15:25.225",-4.946875e-05,-1.28737640624999,-0.000149906250000002,0.000251968750000001,1.264747625,0,0,0,0,0.00017409375,-0.15795134375,-0.00066828125,-0.000130843750000002,1.16018678125,0,0,0,0,-8.50759198588712e-06,0.0703231052482364,-7.82973160282264e-06,-2.17741620463709e-05,0.102539455015121,0,0,0,0,6.52712323588711e-06,0.0167022140561995,-1.66771358366934e-05,-2.23100428427432e-06,0.0385589296559979,0,0,0,0
"18:15:25.258",0.00015709090909091,-1.05993281818183,0.000108818181818182,0.000211363636363635,0.167391696969706,0,0,0,0,-7.04848484848483e-05,-0.760475848484847,8.18181818181795e-07,-0.000163818181818182,0.342470121212114,0,0,0,0,6.25938360881545e-06,0.00689222994145951,7.84013429752072e-06,-1.2304579889808e-06,-0.0332532099403119,0,0,0,0,-7.41147268135903e-06,-0.0182583183252984,2.02757403581267e-05,-9.99225206611541e-07,-0.0247792927284209,0,0,0,0
"18:15:25.289",-0.000150580645161291,-0.760025516129028,4.22258064516131e-05,-0.000168258064516129,-2.13121377419356,0,0,0,0,-6.04516129032254e-05,0.364635838709678,-7.85806451612901e-05,4.58387096774195e-05,-0.0972624838709635,0,0,0,0,-9.92488884684517e-06,0.00967442909847735,-2.14814114085707e-06,-1.22458613187021e-05,-0.0741485635859118,0,0,0,0,3.23652760697514e-07,0.0362939253933718,-2.56125248320877e-06,6.76312553211619e-06,-0.0141849227446154,0,0,0,0
"18:15:25.321",-9.54062500000009e-05,-1.88623046875,-2.31562499999997e-05,-2.59687499999973e-05,-0.247436531249988,0,0,0,0,0.000328093749999999,0.816482531250003,-8.33124999999983e-05,0.000469156250000002,-1.13388825,0,0,0,0,1.7241998487903e-06,-0.0351939047694054,-2.0431892641129e-06,4.44654107862911e-06,0.0588680388419866,0,0,0,0,1.21420425907258e-05,0.0141202091418851,-1.47870463709631e-07,1.32286731350807e-05,-0.0323945551915323,0,0,0,0
"18:15:25.357",-0.00177202777777778,-0.674384222222228,8.98611111111108e-05,-0.00176030555555556,-0.163635250000008,0,0,0,0,-0.000752,-0.677090111111119,0.000101166666666665,-0.000639277777777777,-0.929694277777786,0.0427560277777778,0.0445616111111111,78.5722791944444,0,-4.65728202160494e-05,0.0336623957368825,3.13937114197529e-06,-4.81760223765433e-05,0.00232781336805501,0,0,0,0,-3.00026041666666e-05,-0.0414881289544756,5.12442129629619e-06,-3.07898341049383e-05,0.00567205478395034,0.0011876674382716,0.0012378225308642,2.18256331095679,0
"18:15:25.387",-0.0469017666666667,-94.5933187,-0.054687,-0.0499213333333333,-95.1265055333333,0,0,0,0,6.56000000000008e-05,-1.27182616666666,-2.73999999999996e-05,7.74333333333321e-05,-0.860042333333331,9.06666666666833e-06,0.000102566666666667,-0.855908199999991,0,-0.00150432462962963,-3.13063114925926,-0.00182589537037037,-0.00160536759259259,-3.16542900944444,0,0,0,0,2.72533333333333e-05,-0.0198245351851846,-4.28555555555547e-06,2.38903703703703e-05,0.00232173148148183,-0.0014248987037037,-0.00148196814814815,-2.64760624648148,0
"18:15:25.418",0,0,0,0,0,0,0,0,0,0.000146677419354838,-1.35779203225807,5.01612903225834e-05,0.000139806451612902,-0.702817838709683,2.76129032258054e-05,0.000108096774193548,-1.34608903225806,0,0.00151296021505376,3.05139737741935,0.00176409677419355,0.00161036559139785,3.06859695268817,0,0,0,0,2.61540062434957e-06,-0.0027730924384327,2.5019771071801e-06,2.0120360735345e-06,0.00507175789108543,5.98265695456035e-07,1.78390565383277e-07,-0.0158122849115507,0
"18:15:25.448",0,0,0,0,0,0,0,0,0,-0.00148193333333333,-0.770841466666661,0.000179599999999998,-0.00141036666666667,-0.647941066666666,-3.28333333333338e-05,-0.0013402,0.526847333333323,0,0,0,0,0,0,0,0,0,0,-5.42870250896057e-05,0.019565018853047,4.31462365591383e-06,-5.16724372759856e-05,0.00182922573476724,-2.01487455197131e-06,-4.8276559139785e-05,0.0624312121863795,0
"18:15:25.498",0,0,0,0,0,0,0,0,0,-0.00019996,-0.195805660000005,8.86000000000009e-05,-0.00014644,-0.521523439999992,4.4000000000155e-07,-0.000122679999999999,-0.0859228600000006,0,0,0,0,0,0,0,0,0,0,2.56394666666667e-05,0.0115007161333331,-1.81999999999995e-06,2.52785333333333e-05,0.00252835253333348,6.65466666666707e-07,2.43504000000001e-05,-0.0122554038666665,0
"18:15:25.534",0,0,0,0,0,0,0,0,0,-4.01666666666667e-05,-0.537509499999992,5.81111111111106e-05,1.82500000000005e-05,-0.951917861111118,1.02777777777649e-06,3.84444444444459e-05,-0.880662694444444,0,0,0,0,0,0,0,0,0,0,4.43870370370371e-06,-0.00949177333333297,-8.46913580246952e-07,4.57472222222223e-06,-0.0119554005864202,1.63271604937484e-08,4.4756790123457e-06,-0.0220761065123456,0
"18:15:25.564",0.0465125333333333,89.6427246,0.0550859333333333,0.0497045666666667,89.4929687666667,0.0554199,0.0524838666666667,86.747111,0,5.14333333333339e-05,-0.51746420000001,2.06666666666651e-05,5.15999999999998e-05,-0.278792333333331,2.2566666666668e-05,-4.38666666666661e-05,-1.31396483333333,0.0512694333333333,0.00155041777777778,2.98809082,0.00183619777777778,0.00165681888888889,2.98309895888889,0.00184733,0.00174946222222222,2.89157036666667,0,3.05333333333335e-06,0.00066817666666608,-1.24814814814818e-06,1.11166666666664e-06,0.0224375175925929,7.17962962963049e-07,-2.74370370370373e-06,-0.0144434046296295,0.00170898111111111
"18:15:25.595",-0.000104290322580645,-0.987162903225805,0.000106387096774194,-0.000104677419354839,-0.591497612903236,6.68709677419352e-05,-0.000187548387096774,-1.22700351612903,0,-3.54516129032263e-05,-1.24644812903225,2.07096774193559e-05,-5.61612903225804e-05,-0.567642709677418,5.04193548387091e-05,-8.80322580645191e-05,-0.827140580645157,5.63225806451621e-05,-0.00150376850502948,-2.92354475816857,-0.00177353374956642,-0.0016067498092265,-2.90595052837322,-0.00178558158168574,-0.00169907790496011,-2.83787466181061,0,-2.80274020117936e-06,-0.0235156106139432,1.3874436351846e-09,-3.4761706555671e-06,-0.0093177540756157,8.98473812001326e-07,-1.42469649670493e-06,0.0157040081512314,-0.00165203583073188
"18:15:25.625",-0.000106600000000001,-0.363346366666671,9.85666666666663e-05,-0.000127666666666667,-1.1453532,8.85666666666674e-05,-0.000122333333333335,-1.22683106666667,0,-0.000131433333333332,-0.795638033333338,3.60666666666676e-05,-0.000105133333333333,-0.893636066666674,7.68666666666677e-05,-8.63999999999976e-05,-0.888834633333333,8.52999999999993e-05,-7.6989247311881e-08,0.0207938845519711,-2.60681003584268e-07,-7.66308243727601e-07,-0.0184618529032255,7.23189964157738e-07,2.17383512544794e-06,5.74831541204635e-06,0,-3.19939068100354e-06,0.0150270031899637,5.11899641577057e-07,-1.63240143369175e-06,-0.0108664452329752,8.81577060931954e-07,5.44086021507174e-08,-0.0020564684229392,9.65913978494572e-07
"18:15:25.655",-0.000121333333333333,-1.1208903,4.95666666666672e-05,-9.04666666666665e-05,-1.18123373333333,6.54999999999998e-05,-4.67333333333338e-05,-0.981526699999995,0.0557057333333333,-8.11000000000006e-05,-0.794230133333334,3.49000000000007e-05,-4.72666666666677e-05,-0.936922199999996,3.73666666666643e-05,1.95333333333325e-05,-0.316821300000007,3.83000000000022e-05,-4.91111111111047e-07,-0.0252514644444444,-1.6333333333333e-06,1.24000000000001e-06,-0.00119601777777765,-7.68888888888918e-07,2.52000000000005e-06,0.0081768122222224,0.00185685777777778,1.67777777777773e-06,4.69300000001264e-05,-3.88888888888969e-08,1.92888888888884e-06,-0.00144287111111074,-1.31666666666678e-06,3.531111111111e-06,0.0190671111111108,-1.56666666666657e-06
"18:15:25.688",-5.46666666666675e-05,-0.827718090909085,5.2060606060606e-05,-3.12121212121205e-05,-0.804820666666673,8.58181818181835e-05,-8.2727272727273e-05,-1.26797760606061,9.33939393939403e-05,-6.13636363636363e-05,-0.641246454545456,3.22424242424228e-05,-3.30606060606046e-05,-0.709531818181817,-1.87878787878808e-06,-4.81818181818243e-06,-0.448863636363636,-8.69696969697083e-06,2.02020202020197e-06,0.00888400633608846,7.55739210284477e-08,1.79559228650139e-06,0.0114064565656562,6.15702479338901e-07,-1.09072543617998e-06,-0.00868033048668517,-0.00168522240587695,5.98071625344372e-07,0.0046358690541781,-8.05325987144797e-08,4.30486685032213e-07,0.00689061763085391,-1.18925619834704e-06,-7.37924701561059e-07,-0.00400128292010997,-1.42415059687797e-06
"18:15:25.721",-4.20909090909083e-05,-1.10167348484849,8.87575757575745e-05,-2.07878787878794e-05,-1.3470052121212,7.80909090909073e-05,0.000115121212121212,-0.909268484848491,7.54848484848491e-05,-1.78787878787873e-05,-0.79990087878788,4.77272727272725e-05,-1.21212121212242e-06,-0.653623666666673,-1.67878787878771e-05,4.43333333333331e-05,-0.283439848484842,-2.96363636363647e-05,3.81083562901794e-07,-0.00830167860422447,1.11202938475662e-06,3.15886134067911e-07,-0.0164298347107432,-2.34159779614432e-07,5.99540863177227e-06,0.0108699733700641,-5.42699724517914e-07,1.31772268135906e-06,-0.00480770982552799,4.69237832874233e-07,9.65105601469158e-07,0.00169418640954983,-4.51790633608757e-07,1.48943985307623e-06,0.00501284205693316,-6.34527089072541e-07
"18:15:25.752",-4.41935483870962e-06,-0.946375677419353,4.36129032258071e-05,3.76129032258065e-05,-0.585417709677424,9.54516129032273e-05,-6.67741935483733e-06,-1.12179467741935,0.000106967741935483,-1.03225806451627e-05,-0.714883129032255,5.12903225806445e-05,7.41935483870814e-07,-0.529068483870956,8.06451612903137e-06,2.19032258064511e-05,-0.576439645161299,-8.06451612901346e-07,1.21521142749028e-06,0.00500960669126255,-1.45627975908927e-06,1.88389619398987e-06,0.0245673387885089,5.60022703623225e-07,-3.92898811213062e-06,-0.00685568363131814,1.01557720808498e-06,2.43748620439503e-07,0.00274250805663308,1.14937092044258e-07,6.30340869675238e-08,0.00401790912244247,8.0169015860995e-07,-7.2355185570587e-07,-0.00945160634440183,9.29997162047204e-07
"18:15:25.782",5.19999999999965e-06,-1.02288413333332,7.5533333333333e-05,2.32333333333334e-05,-1.0048828,0.000147133333333331,-7.03666666666658e-05,-1.71638183333333,0.000163466666666667,-9.03333333333219e-06,-0.803377266666666,1.65000000000008e-05,4.18666666666678e-05,-1.42677406666667,4.0000000000003e-06,0.000120266666666669,-0.863297533333328,2.09999999999747e-06,3.20645161290309e-07,-0.00255028186379904,1.06401433691753e-06,-4.79318996415767e-07,-0.0139821696774191,1.72272401433678e-06,-2.12297491039428e-06,-0.0198195718637992,1.88329749103946e-06,4.2974910394349e-08,-0.00294980458781372,-1.15967741935479e-06,1.3708243727599e-06,-0.0299235194265237,-1.35483870967702e-07,3.27878136200725e-06,-0.00956192960573432,9.68817204299607e-08
"18:15:25.817",8.17142857142881e-06,-0.789885600000006,5.69142857142855e-05,2.09428571428567e-05,-0.734130857142866,7.74857142857157e-05,2.95428571428566e-05,-0.860379457142855,8.2142857142856e-05,-2.87142857142867e-05,-0.423988571428565,-6.51428571428588e-06,-3.53142857142861e-05,-0.404624714285715,2.76285714285729e-05,-1.69428571428558e-05,-0.864920485714291,3.40571428571452e-05,8.48979591836904e-08,0.00665710095238054,-5.31972789115642e-07,-6.54421768707647e-08,0.00773576979591799,-1.989931972789e-06,2.85455782312921e-06,0.0244572107482993,-2.32353741496604e-06,-5.62312925170128e-07,0.0108396770068029,-6.5755102040819e-07,-2.20517006802726e-06,0.0292042672108843,6.7510204081636e-07,-3.92027210884355e-06,-4.63700680275046e-05,9.13061224489935e-07
"18:15:25.848",1.09032258064518e-05,-1.28795206451614,7.33548387096774e-05,3.05806451612905e-05,-1.00747387096774,6.3516129032258e-05,0.000141064516129031,-0.751464838709683,6.10967741935468e-05,6.00000000000063e-06,-1.41788996774195,-3.93548387096631e-06,9.38709677419309e-06,-0.984296258064528,1.58064516129029e-05,6.50967741935472e-05,-0.815949451612889,1.99677419354815e-05,8.81224914523535e-08,-0.0160666601456816,5.30340419206188e-07,3.10896387691412e-07,-0.00881751657499607,-4.50631782369601e-07,3.59747287052176e-06,0.00351337478816683,-6.7890590159062e-07,1.11981566820282e-06,-0.0320613353649478,8.31871562361155e-08,1.44198008027352e-06,-0.0186990820573811,-3.81358703731289e-07,2.64643972052913e-06,0.00157971077746456,-4.54496803924637e-07
"18:15:25.895",8.95744680851074e-06,-0.307570425531913,3.89787234042565e-05,-4.76595744680855e-06,-0.642354765957446,5.29361702127669e-05,2.33829787234058e-05,-0.647211595744679,5.59787234042564e-05,-1.47234042553185e-05,-0.598902936170207,-1.46808510638315e-05,8.19148936170264e-06,-0.655268255319146,6.42553191489178e-06,4.68936170212762e-05,-0.457909127659576,1.0893617021278e-05,-4.13995531476816e-08,0.020859183808175,-7.31406708625976e-07,-7.52055374640405e-07,0.0077684915959638,-2.25105506797683e-07,-2.50386249799203e-06,0.00221815410563839,-1.08894697644477e-07,-4.40923494794024e-07,0.0174252559908881,-2.28624833890748e-07,-2.54384555849031e-08,0.00700059580309323,-1.99594036127897e-07,-3.87301216431297e-07,0.00761787923304923,-1.93066487536243e-07
"18:15:25.927",-8.66249999999999e-05,-1.21157074999999,1.29374999999973e-05,-4.26562500000002e-05,-0.884994499999991,3.7937499999998e-05,2.94687499999974e-05,-0.507934593750008,4.27187500000002e-05,-2.03125000000116e-06,-1.45341490625,-4.36249999999985e-05,-2.41249999999998e-05,-0.665885906249997,-6.12499999999919e-06,-1.91562499999992e-05,-0.576591500000006,1.53124999999893e-06,-2.98695146276596e-06,-0.0282500101396275,-8.13788231383099e-07,-1.18407164228724e-06,-0.00758249168882953,-4.68708444149028e-07,1.90180352393487e-07,0.00435240631233346,-4.14374168883005e-07,3.96629820478667e-07,-0.0267034990649936,-9.0450465425522e-07,-1.0098902925532e-06,-0.0003318015915891,-3.92204122340343e-07,-2.06405834441486e-06,-0.00370882413563846,-2.92573969414972e-07
"18:15:25.962",9.2571428571426e-06,-0.825348771428578,-1.37714285714281e-05,3.72000000000007e-05,-1.01665737142857,6.29142857142868e-05,7.88857142857147e-05,-0.767166571428567,7.88571428571424e-05,-9.657142857143e-06,-0.922593485714281,-8.43428571428559e-05,8.11428571428574e-05,-1.38987165714286,-3.63999999999999e-05,0.000114714285714285,-1.0697684,-2.64571428571424e-05,2.73948979591836e-06,0.011034913673469,-7.63112244897868e-07,2.28160714285717e-06,-0.00376179632653093,7.13622448979678e-07,1.41191326530621e-06,-0.00740662793367313,1.03252551020406e-06,-2.17882653061195e-07,0.0151663263010206,-1.16336734693878e-06,3.00765306122449e-06,-0.0206853071683675,-8.65000000000021e-07,3.82487244897956e-06,-0.0140907685714284,-7.99668367346894e-07
"18:15:25.993",-8.08387096774196e-05,-1.1040039032258,-0.000109677419354837,5.45161290322499e-06,-0.913645096774197,0.000103354838709677,6.22580645161286e-06,-0.966891387096776,0.00014890322580645,-9.67741935483048e-07,-1.11542338709677,-0.000112129032258066,5.71290322580635e-05,-1.20927577419355,-0.000120999999999998,0.000122548387096774,-1.38181232258065,-0.000122935483870968,-2.90631782369556e-06,-0.00898887521926517,-3.09374163817449e-06,-1.02414151925083e-06,0.00332297660175408,1.30453396759323e-06,-2.34386799464845e-06,-0.00644273598929706,2.25955106288089e-06,2.80303255537418e-07,-0.00622031939943527,-8.96328229522896e-07,-7.74639512412708e-07,0.0058256736435262,-2.72903225806447e-06,2.52712947822214e-07,-0.0100659329864724,-3.11220454883309e-06
"18:15:26.25",5.43750000000023e-06,-0.953575125,-9.88750000000017e-05,4.37812499999995e-05,-1.55823515625001,2.24687500000008e-05,7.55937500000019e-05,-1.22321318749999,4.73750000000023e-05,-1.93750000000003e-05,-0.838745125000003,-0.000117093750000002,1.25625000000004e-05,-0.830581656250004,-0.000157968750000001,-2.5000000000025e-07,-0.995277406249997,-0.000166375,2.69613155241937e-06,0.00470089931955617,3.37575604838613e-07,1.1978011592742e-06,-0.0201434393586191,-2.52769027217738e-06,2.16774823588716e-06,-0.00801005626260054,-3.1727570564515e-06,-5.75226814516164e-07,0.00864619569052411,-1.55147429435504e-07,-1.39270413306447e-06,0.0118341911857357,-1.15527343750008e-06,-3.8374495967742e-06,0.0120792161353328,-1.35748487903224e-06
"18:15:26.56",-0.000133161290322581,-2.92082758064516,-0.000103935483870966,1.59032258064523e-05,-1.72422348387096,-0.000237935483870969,0.000259322580645162,-0.999629838709684,-0.000268193548387098,6.29032258064518e-06,-2.06939893548387,-3.51612903225782e-05,3.32258064516193e-06,-1.29997006451612,-9.51612903225809e-05,6.93548387096769e-05,-1.34611264516129,-0.000107354838709677,-4.47092872008328e-06,-0.0634597566337148,-1.63241415192397e-07,-8.99291103017653e-07,-0.00535446218132107,-8.40013657648291e-06,5.92673647242452e-06,0.00721236609000998,-1.01796305931323e-05,8.27913631633725e-07,-0.0396985100156086,2.64298257023947e-06,-2.98061914672209e-07,-0.0151415615569716,2.02604708636839e-06,2.24531737773152e-06,-0.011317265771332,1.90387617065557e-06
"18:15:26.89",-2.06060606060644e-06,-0.00622927272727545,3.2575757575759e-05,-5.89696969696971e-05,0.0893258787878729,-0.000152393939393938,-6.88484848484864e-05,0.0267518787878737,-0.000191030303030302,-5.47575757575759e-05,-0.382124454545454,-1.49090909090924e-05,1.51212121212113e-05,-0.94437293939394,-6.38484848484839e-05,5.18181818181916e-06,-0.928659151515149,-7.37575757575772e-05,3.97274800793863e-06,0.0883211608459964,4.1367042862644e-06,-2.2688764477621e-06,0.0549560412926919,2.5921680144555e-06,-9.94457774223177e-06,0.0311024762878048,2.33828016232715e-06,-1.84993631327943e-06,0.0511295297254065,6.13703012529874e-07,3.5753428715301e-07,0.010775670458248,9.48872893154454e-07,-1.94463698569266e-06,0.0126501058680648,1.01809887733637e-06
"18:15:26.118",-4.70344827586199e-05,-0.271619068965516,-7.33103448275887e-05,-6.27586206896548e-05,-0.0864089310344784,-0.000107655172413795,-7.8206896551722e-05,-0.280997413793102,-0.00011441379310345,-5.69310344827591e-05,-1.01143251724139,-8.43103448275873e-05,-1.36206896551717e-05,-1.07507744827587,-0.000154827586206896,8.86206896551558e-06,-1.39118062068966,-0.00016965517241379,-1.55082333441426e-06,-0.00915137228407725,-3.65124491046027e-06,-1.30652542067507e-07,-0.00605982102835694,1.54271610276353e-06,-3.22703851835708e-07,-0.0106120445717578,2.64194861816733e-06,-7.49468525925255e-08,-0.0217002780239977,-2.39314668684465e-06,-9.91100061254584e-07,-0.00450705203041135,-3.13721039166939e-06,1.26905199437807e-07,-0.0159490161784314,-3.30681367780046e-06
"18:15:26.152",-8.61176470588231e-05,-0.392463235294118,-9.22058823529411e-05,-3.41470588235301e-05,-0.267276558823529,-7.63823529411753e-05,-6.42941176470594e-05,-0.522252705882345,-7.24705882352915e-05,-6.37941176470581e-05,-0.81350529411765,-0.000211,2.08529411764694e-05,-1.26208497058823,-0.0001215,6.15000000000019e-05,-1.98453297058824,-0.000104176470588237,-1.14950483235892e-06,-0.00355424018613535,-5.55751103686837e-07,8.41516525474255e-07,-0.00531963611144267,9.19788808018241e-07,4.09199379548897e-07,-0.00709574388497773,1.23362367259289e-06,-2.01855387185266e-07,0.00582138891540404,-3.72616632860039e-06,1.01393031857768e-06,-0.00550022124448117,9.80223123732249e-07,1.54817444219077e-06,-0.0174515397028994,1.92584417133982e-06
"18:15:26.183",-0.000155258064516129,-0.909061548387106,-0.000106935483870966,-4.13225806451605e-05,-1.06848535483871,-7.032258064516e-05,9.39032258064515e-05,-0.603200612903229,-6.35483870967751e-05,-5.30967741935478e-05,-1.10219254838708,-0.000172225806451612,1.08064516129042e-05,-1.21025232258065,-6.58387096774216e-05,8.88709677419339e-05,-1.57762096774194,-4.41612903225791e-05,-2.23033604700988e-06,-0.016664461712677,-4.75148436065329e-07,-2.31468445859047e-07,-0.0258454450327479,1.95476525677914e-07,5.10314011140358e-06,-0.00261122280712528,2.87812939952142e-07,3.45075595274528e-07,-0.00931249207320757,1.25078043704478e-06,-3.24080308502104e-07,0.00167202090347017,1.79552549427672e-06,8.8293444328813e-07,0.0131261936402034,1.93597355695669e-06
"18:15:26.216",-0.000127363636363637,-0.72398793939393,-1.30606060606082e-05,-7.96969696969703e-05,-0.861971787878784,-4.1696969696971e-05,-2.1575757575759e-05,-0.782903484848482,-4.78181818181842e-05,-0.000148121212121212,-0.832120000000004,-6.30909090909066e-05,-9.27272727272729e-05,-1.07233221212121,-7.66666666666643e-05,-4.50303030303026e-05,-1.09240354545454,-7.95757575757581e-05,8.45285701590687e-07,0.00560829118161137,2.84469326698055e-06,-1.16286027429727e-06,0.00625798687757366,8.67442756005726e-07,-3.49936313279426e-06,-0.00544554157409859,4.76672887230026e-07,-2.87952842205044e-06,0.00818401661779032,3.30711810183957e-06,-3.13738558606597e-06,0.0041793972866498,-3.28119908764929e-07,-4.05761426582535e-06,0.0147035582511331,-1.07316567433876e-06
"18:15:26.246",-8.27666666666671e-05,-0.93221843333334,4.83333333333354e-05,-4.86666666666654e-05,-0.804239899999993,1.84333333333342e-05,1.99333333333329e-05,-0.889969900000006,1.24000000000013e-05,-0.0001206,-0.917757166666661,-0.000119766666666669,-8.05e-05,-1.25231933333333,-5.20333333333345e-05,-1.6000000000016e-06,-1.4553548,-3.81333333333345e-05,1.48656565656565e-06,-0.006941016464647,2.04646464646479e-06,1.0343434343435e-06,0.00192439626262636,2.00434343434351e-06,1.3836363636364e-06,-0.00356888050505078,2.00727272727285e-06,9.17373737373729e-07,-0.00285457222222189,-1.88919191919208e-06,4.07575757575764e-07,-0.00599957070707063,8.21111111110993e-07,1.4476767676767e-06,-0.0120983751515152,1.38141414141412e-06
"18:15:26.295",-2.15306122448974e-05,-0.673020959183676,-6.7142857142862e-06,1.34897959183667e-05,-0.52426459183674,-1.57346938775526e-05,6.23469387755108e-05,-0.376497224489793,-1.78775510204079e-05,-7.39387755102038e-05,-0.670938306122452,-7.07959183673458e-05,-4.88775510204078e-05,-0.669234285714287,-5.81020408163274e-05,-4.88775510204066e-05,-0.962001265306118,-5.56530612244905e-05,1.24971539636265e-06,0.00528974437040131,-1.12342079689024e-06,1.26849923642923e-06,0.00571378179925006,-6.973066777732e-07,8.65583784534243e-07,0.010479034194086,-6.17909204498147e-07,9.52269887546868e-07,0.00503711960294304,9.99403026516799e-07,6.45356101624332e-07,0.0118996948493682,-1.23851173122305e-07,-9.64847980008266e-07,0.0100684394835487,-3.5754546716645e-07
"18:15:26.327",-6.71249999999995e-05,-0.811042781249995,-4.42187499999983e-05,-1.25000000000125e-07,-0.867305749999993,7.18125000000007e-05,4.25624999999992e-05,-0.747764593749999,9.58437500000013e-05,-7.1218750000001e-05,-0.876197812500003,-8.72812500000014e-05,-2.859375e-05,-0.870849625000005,-9.67187499999987e-05,-1.62812499999998e-05,-1.12408446875,-9.89062499999992e-05,-1.42482461734694e-06,-0.00431318193957247,-1.1720145089285e-06,-4.25462372448963e-07,-0.0107200361926016,2.73584980867354e-06,-6.18263711734738e-07,-0.0116021052893814,3.55379065688779e-06,8.50007971938391e-08,-0.00641435957429846,-5.15166613520488e-07,6.33868781887743e-07,-0.00630047935267869,-1.20677216198973e-06,1.01863440688771e-06,-0.00506510010762128,-1.35166214923465e-06
"18:15:26.364",-6.34054054054058e-05,-0.846198000000001,1.72972972972846e-06,-2.0270270270268e-06,-0.732636324324329,2.23783783783798e-05,4.54324324324336e-05,-0.897840351351355,2.72432432432435e-05,-5.47027027027019e-05,-0.971465243243246,-8.83783783783782e-05,-2.51351351351378e-06,-0.993002405405402,-0.000136054054054054,9.78378378378367e-05,-0.828557189189195,-0.000146054054054053,1.00529583637667e-07,-0.000950141047297473,1.24185080350613e-06,-5.14061358655859e-08,0.00363971420745036,-1.33605734112489e-06,7.75657414171463e-08,-0.00405610155679342,-1.85406775018264e-06,4.46379656683759e-07,-0.00257479542549306,-2.96521183345088e-08,7.04871256391519e-07,-0.00330142649744315,-1.06311632578527e-06,3.08429967129288e-06,0.00798722377191361,-1.27426497443389e-06
"18:15:26.394",-4.54666666666677e-05,-1.06457926666667,2.77000000000009e-05,2.79333333333335e-05,-0.966975899999996,-1.23000000000021e-05,8.64666666666662e-05,-1.22739663333333,-1.99000000000023e-05,-4.27000000000011e-05,-0.993082666666661,-3.85999999999997e-05,3.83666666666671e-05,-1.22881673333333,-6.23666666666689e-05,9.38999999999986e-05,-1.42963459999999,-6.77000000000002e-05,5.97957957957936e-07,-0.0072793755555556,8.65675675675747e-07,9.98678678678677e-07,-0.00781131918918889,-1.15594594594606e-06,1.36780780780775e-06,-0.0109852093993993,-1.57144144144153e-06,4.00090090090028e-07,-0.000720580780780511,1.65927927927928e-06,1.3626726726727e-06,-0.0078604775975976,2.45624624624616e-06,-1.31261261261268e-07,-0.0200359136936933,2.61180180180176e-06
"18:15:26.425",-1.52903225806443e-05,-1.04420522580645,0.000124677419354839,7.4645161290322e-05,-1.28366383870967,5.32258064516393e-06,0.00015083870967742,-1.67526541935483,-1.89032258064508e-05,-1.58709677419352e-05,-0.995404645161289,6.25806451612992e-06,8.70967741935478e-05,-1.1715166451613,-0.000116193548387097,0.000181935483870971,-1.08258648387097,-0.000142193548387098,9.73430454387851e-07,0.000657227124523268,3.12830385015607e-06,1.50683315990286e-06,-0.0102157399583767,5.68470343392453e-07,2.07651751647592e-06,-0.0144473801942419,3.21540062435969e-08,8.65452653485995e-07,-7.49025320847673e-05,1.44703433922999e-06,1.57193895248002e-06,0.00184838994103333,-1.7363510232396e-06,2.83985431841845e-06,0.0111951005202911,-2.40301768990637e-06
"18:15:26.455",-8.70000000000037e-06,-1.09344886666667,8.18999999999977e-05,8.14666666666667e-05,-0.981555200000003,7.32999999999984e-05,0.000160333333333333,-1.0134847,7.16666666666662e-05,-2.70333333333335e-05,-1.0072754,-4.93333333333457e-06,6.72999999999998e-05,-0.965686033333327,-3.33666666666658e-05,0.000117533333333331,-1.10918373333333,-3.97333333333324e-05,2.19677419354799e-07,-0.0016414546953407,-1.42591397849471e-06,2.27383512544823e-07,0.0100702879569891,2.26591397849448e-06,3.16487455197097e-07,0.0220593573118277,3.01899641577057e-06,-3.7207885304661e-07,-0.000395691827957138,-3.7304659498215e-07,-6.59892473118266e-07,0.00686102039426565,2.76089605734769e-06,-2.14673835125467e-06,-0.000886574982078721,3.41534050179217e-06
"18:15:26.487",8.4062500000006e-06,-1.09661103125,0.000106500000000002,8.94687500000001e-05,-1.37993240625,4.13437499999988e-05,0.000199999999999999,-1.513244625,2.78437499999992e-05,-3.76249999999995e-05,-1.16500471875,4.06250000001274e-07,4.34375000000001e-05,-1.07950975,-6.2499999999889e-07,0.00016071875,-0.988170625000002,-7.81249999999914e-07,5.3457031250003e-07,-9.88176432290683e-05,7.68750000000147e-07,2.50065104166669e-07,-0.0124492876953124,-9.98632812499985e-07,1.23958333333332e-06,-0.0156174976562498,-1.36946614583334e-06,-3.3098958333331e-07,-0.00492904121093733,1.66861979166745e-07,-7.4570312499999e-07,-0.00355699114583352,1.02317708333334e-06,1.34954427083343e-06,0.00378165963541653,1.21725260416664e-06
"18:15:26.519",1.62499999999989e-05,-1.0219154375,8.49687499999974e-05,9.94687499999997e-05,-1.13430021875,5.37812500000026e-05,0.000252437500000001,-0.651649468750001,4.63124999999995e-05,-1.54374999999998e-05,-0.9413948125,4.21874999999988e-06,5.01562500000007e-05,-0.730609906250002,1.62499999999989e-06,8.76874999999992e-05,-0.786247281249999,8.7499999999914e-07,2.45117187499947e-07,0.00233423730468751,-6.72851562500158e-07,3.12499999999987e-07,0.007676005859375,3.88671875000118e-07,1.63867187500007e-06,0.0269248486328124,5.77148437500008e-07,6.93359374999989e-07,0.00698780957031242,1.19140624999957e-07,2.0996093750002e-07,0.0109031201171874,7.03124999999619e-08,-2.28222656250003e-06,0.00631010449218761,5.17578124999704e-08
"18:15:26.552",-1.97878787878775e-05,-1.23281766666666,8.01818181818193e-05,8.0454545454546e-05,-0.978552606060606,0.000104181818181816,0.000159303030303032,-0.922788696969698,0.000109272727272727,-3.70303030303031e-05,-1.00764603030303,3.84848484848449e-06,3.59696969696968e-05,-0.766102181818179,-1.36363636363638e-05,7.3606060606061e-05,-0.834735272727275,-1.76060606060606e-05,-1.09205693296595e-06,-0.00639097664141411,-1.4505853994479e-07,-5.761880165289e-07,0.0047196246269513,1.52728994490345e-06,-2.8222566574839e-06,-0.00821634024908172,1.90788567493114e-06,-6.54327364554643e-07,-0.00200761266069782,-1.1220156106527e-08,-4.29895546372847e-07,-0.00107552350206597,-4.62465564738294e-07,-4.26710284664793e-07,-0.00146933307506897,-5.60032139577566e-07
"18:15:26.581",-5.36896551724148e-05,-1.17435010344828,0.000134241379310346,5.01724137931029e-05,-1.32822603448276,0.000188724137931037,8.92068965517205e-05,-1.67102468965517,0.000201241379310347,-7.67241379310356e-05,-1.16451713793104,3.93103448275681e-06,8.51724137931025e-06,-1.00762306896552,-2.06896551724345e-07,0.000100482758620693,-0.796226758620692,-7.58620689655931e-07,-1.1690267718806e-06,0.00201612286959961,1.8641227975354e-06,-1.04421143660149e-06,-0.0120577044283502,2.91525240514552e-06,-2.41710806039006e-06,-0.0258012411270851,3.17133282888344e-06,-1.36875292761147e-06,-0.00540934853889685,2.84653911283854e-09,-9.46636399668501e-07,-0.00832830645335669,4.6308507188412e-07,9.26782690159706e-07,0.00132787979677873,5.80946204013952e-07
"18:15:26.617",-7.38333333333332e-05,-0.916731083333338,0.000105138888888887,9.75000000000127e-06,-1.037245,0.000164944444444444,3.55e-05,-1.37364027777778,0.00017886111111111,-7.01111111111103e-05,-0.907416444444443,8.47222222222221e-06,1.16111111111104e-05,-1.01490952777777,2.16388888888882e-05,9.53611111111086e-05,-1.00539483333333,2.43888888888902e-05,-5.59546615581064e-07,0.0071560838920816,-8.08402511707199e-07,-1.12284482758616e-06,0.00808280651341015,-6.60547041294227e-07,-1.49185823754779e-06,0.00826067810770516,-6.21674116645462e-07,1.8369518944237e-07,0.00714168593018318,1.26144103874039e-07,8.59408258833372e-08,-0.000202401633673651,6.06827373350348e-07,-1.42267986377332e-07,-0.00581022429757328,6.98541932737391e-07
"18:15:26.647",-0.0001022,-1.18490803333333,0.000117266666666667,6.13333333333207e-06,-1.1607666,0.000128799999999999,0.000120266666666669,-1.0427287,0.000131133333333333,-9.98333333333342e-05,-1.20506183333334,2.48666666666675e-05,-6.56666666666676e-06,-1.07081706666667,1.99666666666691e-05,8.56333333333348e-05,-0.985217299999999,1.89333333333319e-05,-9.45555555555576e-07,-0.00893923166666649,4.0425925925935e-07,-1.2055555555564e-07,-0.00411738666666687,-1.20481481481484e-06,2.82555555555562e-06,0.0110303859259261,-1.59092592592591e-06,-9.90740740740796e-07,-0.0099215129629631,5.46481481481509e-07,-6.05925925925905e-07,-0.00186358462962984,-5.57407407406372e-08,-3.24259259259126e-07,0.00067258444444435,-1.81851851851941e-07
"18:15:26.694",-6.23191489361693e-05,-0.65763434042553,7.18723404255318e-05,-4.3191489361704e-06,-0.633503382978722,8.4425531914893e-05,4.24893617021282e-05,-0.672903489361701,8.73617021276607e-05,-6.95319148936169e-05,-0.556609468085105,2.81276595744691e-05,-2.5255319148936e-05,-0.501940127659572,1.94468085106377e-05,1.40638297872345e-05,-0.489257808510642,1.75531914893621e-05,8.48528746038959e-07,0.0112185892108043,-9.658367285348e-07,-2.22393239776648e-07,0.0112183663196017,-9.44137618832048e-07,-1.65483627584128e-06,0.00786862150294249,-9.31311302248348e-07,6.44711030632283e-07,0.0137968588350687,6.93828278255653e-08,-3.9763090387807e-07,0.0121037646597255,-1.1060811830455e-08,-1.52275539459788e-06,0.0105523296061565,-2.93647200844635e-08
"18:15:26.725",-0.000123580645161291,-1.15371803225806,0.000121419354838709,-2.37096774193544e-05,-1.0290015483871,0.000170096774193547,2.77419354838701e-05,-1.27709567741935,0.000181741935483872,-0.00014441935483871,-0.928714870967746,9.63870967741932e-05,-6.12258064516132e-05,-0.794713193548388,5.86129032258051e-05,3.05483870967752e-05,-0.626582967741936,5.08709677419353e-05,-1.97617729758458e-06,-0.0160026997365334,1.59829078752186e-06,-6.25500918812386e-07,-0.012758005335754,2.76358846060176e-06,-4.75723426395425e-07,-0.019490070582505,3.04452365665197e-06,-2.41572386919655e-06,-0.0120034000929884,2.20191732902336e-06,-1.16033830008636e-06,-0.00944429244802633,1.26342241016669e-06,5.31759913210989e-07,-0.00442984384617079,1.07476697588946e-06
"18:15:26.762",-0.000110054054054053,-0.722801405405408,9.65675675675689e-05,-3.52162162162162e-05,-0.805271432432434,0.000109000000000002,4.43513513513514e-05,-0.766040702702707,0.000111810810810809,-0.00013727027027027,-0.656784459459459,0.000123918918918918,-7.31891891891889e-05,-0.422330270270273,0.00017845945945946,-8.38108108108114e-05,-0.741309918918918,0.000189378378378378,3.65583543438869e-07,0.0116463953203421,-6.7166992624704e-07,-3.10987535050319e-07,0.00604675989066654,-1.65126416739313e-06,4.48903131553551e-07,0.0138122966139635,-1.89003039656926e-06,1.93218501849722e-07,0.00734947058130505,7.44103301208765e-07,-3.23334668583125e-07,0.010064403331841,3.23909611442311e-06,-3.09078913263747e-06,-0.00310072841018869,3.74344353071467e-06
"18:15:26.793",-0.00017509677419355,-0.951163999999996,0.000135709677419354,-5.85161290322575e-05,-1.08171625806452,0.000195677419354839,-2.24838709677438e-05,-1.31590616129032,0.00021,-0.000177967741935484,-0.892117419354837,5.29354838709679e-05,-0.000116451612903226,-0.466194419354833,3.62258064516124e-05,-0.000103903225806453,-0.522189225806451,3.24193548387108e-05,-2.09815226256441e-06,-0.00736653530950284,1.26264870489628e-06,-7.51610090840042e-07,-0.0089175750203898,2.79604578563992e-06,-2.1559749135192e-06,-0.0177375954383102,3.16739319965133e-06,-1.31282166661979e-06,-0.00759138580307671,-2.28978822735322e-06,-1.39556205529152e-06,-0.00141497255111483,-4.58818235509186e-06,-6.48142419214232e-07,0.00706840945524086,-5.0631943077312e-06
"18:15:26.823",-0.000142299999999999,-0.9394409,0.000132666666666666,-1.89000000000013e-05,-0.971309399999996,0.00019113333333333,-3.36999999999995e-05,-1.14064533333333,0.000205133333333333,-0.000131299999999999,-0.975557466666669,5.43666666666683e-05,-4.59999999999997e-05,-0.667411300000003,-1.37666666666666e-05,6.53333333333247e-06,-0.293021666666664,-2.76000000000017e-05,1.0932258064517e-06,0.000390769999999896,-1.01433691756249e-07,1.32053763440854e-06,0.00368022860215076,-1.51469534050301e-07,-3.73870967741855e-07,0.00584202759856651,-1.62222222222246e-07,1.55559139784949e-06,-0.0027813349103944,4.77060931900148e-08,2.3483870967742e-06,-0.00670722935483902,-1.6664157706093e-06,3.68121863799283e-06,0.00763891863799291,-2.00064516129042e-06
"18:15:26.854",-0.000135193548387097,-0.900115000000002,0.00013893548387097,-1.5419354838709e-05,-0.95662564516129,0.000213290322580647,-7.28387096774188e-05,-1.28067116129032,0.000231838709677418,-0.000107741935483871,-0.750362258064518,3.43225806451598e-05,-9.67741935483048e-07,-0.776264806451609,-6.06451612903116e-06,4.9870967741937e-05,-0.568107354838708,-1.42258064516101e-05,2.29240374609746e-07,0.00126857741935475,2.02219909816245e-07,1.12278876170721e-07,0.000473669510925978,7.14741588623128e-07,-1.26253902185224e-06,-0.00451696219216119,8.61463753034981e-07,7.59937565036379e-07,0.00726436156781131,-6.46583420048661e-07,1.45265348595215e-06,-0.00351140343392278,2.4845646895598e-07,1.39798820672918e-06,-0.00887373187651757,4.31425598335212e-07
"18:15:26.885",-0.000112322580645161,-0.895236096774192,0.000134645161290323,-5.83870967741893e-06,-0.869727354838709,0.000175838709677419,-7.41935483870814e-06,-0.96550529032258,0.000186032258064519,-0.000116774193548387,-0.919587161290315,-2.00000000000021e-06,-9.35483870967782e-07,-0.910227129032262,-9.7096774193547e-06,9.89677419354826e-05,-0.416803161290325,-1.00645161290352e-05,7.37773152965677e-07,0.00015738397502615,-1.38397502601509e-07,3.09053069719034e-07,0.00280317065556712,-1.20811654526543e-06,2.11030176899067e-06,0.0101666409989595,-1.47762747138384e-06,-2.91363163371491e-07,-0.00545886784599345,-1.17169614984387e-06,1.0405827262989e-09,-0.00432136524453716,-1.17585848074953e-07,1.58376690946921e-06,0.00488078043704462,1.34235171695966e-07
"18:15:26.916",-0.000102870967741937,-0.836402161290321,0.000135580645161289,-3.6741935483871e-05,-0.948474516129035,0.000206774193548388,5.16451612903214e-05,-1.05649493548388,0.000224064516129032,-0.000102354838709677,-0.715146967741937,-8.32258064516066e-06,6.32258064516117e-05,-1.38614777419355,-4.82903225806442e-05,0.000265774193548387,-0.700770225806448,-5.48064516129034e-05,3.04890738813665e-07,0.00189786888657647,3.01768990634186e-08,-9.96878251821035e-07,-0.00254023100936533,9.97918834547392e-07,1.90530697190418e-06,-0.00293514984391275,1.22684703433916e-06,4.65140478668086e-07,0.00659484495317349,-2.03954214360015e-07,2.06971904266385e-06,-0.0153522788761706,-1.24453694068676e-06,5.38085327783563e-06,-0.00916022788761688,-1.44328824141511e-06
"18:15:26.949",-0.000132272727272726,-0.837339454545455,8.78181818181839e-05,-8.39999999999999e-05,-0.647379575757579,0.000133969696969697,-8.14242424242423e-05,-0.685816909090907,0.00014509090909091,-6.67575757575761e-05,-0.896632333333338,-1.57575757575747e-05,4.05757575757586e-05,-1.09152681818182,-2.2030303030304e-05,0.000123606060606062,-1.01561021212121,-2.32121212121192e-05,-8.90962410023898e-07,-2.84028259131424e-05,-1.44734737403349e-06,-1.43206256109482e-06,0.00912408910216533,-2.20619686602093e-06,-4.0324061731686e-06,0.0112326674664536,-2.39313960721585e-06,1.07870493794245e-06,-0.00549955653307276,-2.25302882194365e-07,-6.86365117450092e-07,0.00892790775793123,7.95758168192126e-07,-4.30812524067651e-06,-0.00954060564590201,9.57403951538916e-07
"18:15:26.984",-0.000115628571428572,-0.651004457142861,0.000109171428571428,-9.81714285714284e-05,-0.762416285714283,9.19714285714278e-05,5.53142857142871e-05,-0.418753485714283,8.62857142857118e-05,-9.78857142857138e-05,-0.84494628571428,-2.77714285714278e-05,-6.94285714285695e-06,-1.06803154285714,-8.59999999999988e-06,5.40285714285707e-05,-1.40292271428571,-5.77142857142959e-06,4.75547309832964e-07,0.00532385706864553,6.1009276437839e-07,-4.04897959183672e-07,-0.00328676314162012,-1.19995052566484e-06,3.90681508967227e-06,0.0076303835250464,-1.68014842300565e-06,-8.89375386518222e-07,0.00147674421768739,-3.4325293753866e-07,-1.35767470624616e-06,0.000671293580705181,3.83722943722976e-07,-1.98792826221404e-06,-0.0110660714904142,4.98305504019703e-07
"18:15:27.14",-9.83333333333336e-05,-0.967301433333334,0.000131700000000001,-4.5933333333333e-05,-1.0245931,0.000190333333333333,4.17333333333307e-05,-0.951021300000002,0.000203666666666669,-8.52000000000001e-05,-0.930839033333336,-9.25333333333334e-05,2.1999999999985e-06,-0.967334000000005,-5.02999999999994e-05,8.80666666666678e-05,-0.805244933333339,-4.10333333333327e-05,5.76507936507949e-07,-0.0105432325396824,7.50952380952458e-07,1.74126984126985e-06,-0.00873922714285726,3.27873015873018e-06,-4.52698412698548e-07,-0.0177422604761906,3.91269841269856e-06,4.22857142857125e-07,-0.00286309158730189,-2.15873015873019e-06,3.04761904761848e-07,0.00335658476190442,-1.38999999999998e-06,1.13460317460323e-06,0.0199225926984124,-1.17539682539677e-06
"18:15:27.46",-8.39687499999998e-05,-0.813083656249994,6.27187499999994e-05,-2.60937500000009e-05,-0.765205375000001,0.0001513125,4.60625000000027e-05,-0.736259468749999,0.000171624999999998,-3.78125000000118e-06,-0.788604749999998,-0.000151531250000003,7.32187500000012e-05,-0.986053437499997,-0.000120250000000002,0.000188749999999998,-0.707740812499999,-0.0001130625,4.4889322916668e-07,0.00481930553385438,-2.15566406250006e-06,6.19986979166627e-07,0.00810586640624999,-1.21940104166665e-06,1.35286458333501e-07,0.00671130722656259,-1.00130208333345e-06,2.54433593749997e-06,0.00444482135416684,-1.84368489583343e-06,2.21933593750009e-06,-0.000584982421874748,-2.18593750000009e-06,3.14635416666657e-06,0.00304700377604189,-2.25091145833336e-06
"18:15:27.93",-3.58510638297871e-05,-0.541158468085111,-4.26595744680858e-05,2.75531914893615e-05,-0.494649680851063,8.30638297872344e-05,0.00010563829787234,-0.377558276595746,0.000110744680851064,-7.93404255319145e-05,-0.639219893617023,-0.000154276595744679,-3.19361702127666e-05,-0.550056638297873,-0.000127787234042552,1.96170212765953e-05,-0.871046978723404,-0.000123170212765957,1.02378055681304e-06,0.00578564230138049,-2.24209200995926e-06,1.14142428700771e-06,0.00575650413082847,-1.45209936622906e-06,1.26757016749655e-06,0.00763194025860112,-1.29532593933902e-06,-1.6076420325939e-06,0.00317840119963776,-5.84116115888387e-08,-2.23733872793123e-06,0.0092765276425984,-1.60366681756382e-07,-3.59857401539155e-06,-0.00347459928134905,-2.15057718424615e-07
"18:15:27.131",-8.60263157894743e-05,-0.739113263157893,-0.000169868421052631,2.68421052631584e-05,-0.654791578947371,7.55526315789462e-05,0.000146999999999999,-0.427339263157891,0.000128815789473684,-6.13947368421046e-05,-0.772110789473686,-0.000166052631578948,-1.67368421052624e-05,-0.494718842105266,-0.000184921052631579,-1.89736842105256e-05,-1.26358194736842,-0.000191236842105264,-1.32040136736019e-06,-0.00520933671244164,-3.34760122590909e-06,-1.87127954263963e-08,-0.00421426047621863,-1.97663110744426e-07,1.08846584546471e-06,-0.00131002596216169,4.75555490068937e-07,4.72254965521314e-07,-0.00349712883833324,-3.09895679849204e-07,3.99982318618532e-07,0.00145625779454229,-1.5035215418165e-06,-1.01554488124002e-06,-0.0103298675959215,-1.79122708787649e-06
"18:15:27.160",-0.000134344827586205,-0.765153551724136,-0.000144344827586208,-6.11379310344836e-05,-0.734699137931031,-1.48275862068942e-05,0.000184862068965515,-0.416613344827589,1.08965517241373e-05,6.06896551723979e-06,-0.950814068965515,-9.51379310344851e-05,0.000109862068965516,-0.91861275862069,-0.000122,0.000343758620689655,-0.895086862068959,-0.000127896551724137,-1.66615557919762e-06,-0.000897940985042884,8.80123912635297e-07,-3.03379435509111e-06,-0.0027554330684021,-3.1165592339945e-06,1.30558858501779e-06,0.000369859252769033,-4.06618061205332e-06,2.32633456411532e-06,-0.00616218205144236,2.44533450153322e-06,4.36547969209581e-06,-0.0146170316039801,2.16969147005447e-06,1.25080105137993e-05,0.0127067270792918,2.1841479441768e-06
"18:15:27.191",-0.000186612903225808,-0.962835516129035,-5.78709677419343e-05,-8.85483870967741e-05,-0.685157032258068,-5.09354838709676e-05,8.38387096774199e-05,-0.462752806451612,-5.15161290322568e-05,-9.74516129032257e-05,-0.927376032258068,-0.000218322580645159,4.52903225806457e-05,-1.22090396774194,-0.000214967741935484,0.000240806451612905,-1.30755025806452,-0.000214838709677419,-1.68606695611621e-06,-0.00637683756144835,2.78947934981527e-06,-8.84208260073887e-07,0.00159813244106333,-1.16477089238947e-06,-3.25881804155147e-06,-0.0014883697298072,-2.01331228246433e-06,-3.33937349743437e-06,0.000756065700240227,-3.97369837453788e-06,-2.08295956080227e-06,-0.00975132932649181,-2.99895941727369e-06,-3.32103771215324e-06,-0.0133052708385665,-2.80458574042847e-06
"18:15:27.222",-8.99677419354834e-05,-0.719998258064511,-0.000110612903225807,1.45161290322636e-06,-0.673804483870966,-0.000346903225806453,0.000218096774193549,-0.578337645161289,-0.000399451612903227,-0.000166870967741935,-0.941024290322576,-0.00025809677419355,-2.19354838709682e-05,-1.07690822580645,-0.000153225806451614,1.94516129032229e-05,-1.78130906451612,-0.000132548387096775,3.11758584807498e-06,0.0078334599375653,-1.70135275754428e-06,2.90322580645163e-06,0.000366211238293605,-9.54734651404791e-06,4.3309053069719e-06,-0.00372854318418312,-1.12237252861603e-05,-2.23933402705514e-06,-0.000440266389177691,-1.28303850156097e-06,-2.16857440166496e-06,0.00464502393340275,1.99167533818936e-06,-7.14047866805426e-06,-0.0152825421436,2.65452653485949e-06
"18:15:27.255",-0.00022569696969697,-0.854055696969702,-6.30303030302988e-06,-0.000111424242424242,-0.635339,-0.00022209090909091,6.01515151515156e-05,-0.350859666666669,-0.000271818181818179,-9.0424242424242e-05,-0.862944636363636,-0.000233454545454545,5.93939393939399e-05,-1.12447103030303,-0.000250424242424242,0.000165242424242425,-1.32063433333334,-0.000255121212121212,-4.11300690186323e-06,-0.00406234663349062,3.16090524008415e-06,-3.42048046446874e-06,0.00116562072336263,3.78219141562251e-06,-4.78621997097071e-06,0.00689327207559455,3.86767972984992e-06,2.31656743386948e-06,0.00236605011996787,7.46734204212255e-07,2.46452797772449e-06,-0.00144129710595693,-2.94540715068571e-06,4.41790337391523e-06,0.0139598403388722,-3.71432803104355e-06
"18:15:27.288",-3.07878787878793e-05,-0.442830393939389,-0.000106424242424245,7.60606060606064e-05,-0.619747272727271,-0.000141363636363637,0.000168181818181816,-0.503773090909094,-0.000149666666666667,-0.00017469696969697,-0.547611121212123,-0.000231545454545455,-7.16363636363646e-05,-0.656790060606061,-0.000249696969696969,-1.04848484848472e-05,-0.64210833333333,-0.000253939393939394,5.90633608815426e-06,0.0124613728191004,-3.03397612488529e-06,5.68135904499541e-06,0.000472476584022079,2.44628099173554e-06,3.27364554637275e-06,-0.00463374012855834,3.70156106519733e-06,-2.55371900826449e-06,0.00955556106519737,5.78512396694026e-08,-3.97061524334256e-06,0.0141721505968778,2.20385674931347e-08,-5.32506887052341e-06,0.0205613939393942,3.58126721763188e-08
"18:15:27.318",-0.000221533333333333,-0.909639500000003,-5.67999999999976e-05,-2.79333333333335e-05,-0.664123533333335,-9.78999999999989e-05,5.8766666666669e-05,-0.249983699999999,-0.000110166666666667,-0.000150566666666666,-1.1654541,-0.000217799999999999,6.99666666666673e-05,-1.27444256666667,-0.000251466666666668,0.000326233333333333,-0.871805833333337,-0.000258033333333333,-6.35818181818179e-06,-0.0155603035353538,1.65414141414157e-06,-3.46646464646466e-06,-0.00147920868686878,1.44878787878795e-06,-3.64717171717158e-06,0.00845964636363648,1.31666666666669e-06,8.04343434343462e-07,-0.020594765959596,4.58181818181845e-07,4.72010101010106e-06,-0.0205884168686869,-5.89898989899869e-08,1.12239393939393e-05,-0.00765658333333359,-1.36464646464645e-07
"18:15:27.353",-6.17142857142856e-05,-0.346505285714284,-0.000100714285714286,5.02285714285709e-05,-0.474557057142855,-8.40285714285706e-05,8.86285714285697e-05,-0.567368885714281,-7.9342857142858e-05,-0.0001162,-0.453152914285712,-0.000240428571428572,-4.94571428571424e-05,-0.372433028571426,-0.000340028571428571,-0.00010717142857143,-0.617009628571428,-0.000363599999999999,4.56625850340135e-06,0.016089548979592,-1.25469387755109e-06,2.23319727891155e-06,0.00541618503401371,3.96326530612237e-07,8.53197278911447e-07,-0.00906814816326518,8.80680272108822e-07,9.81904761904766e-07,0.0203514624489797,-6.46530612244918e-07,-3.41210884353742e-06,0.0257717010884355,-2.53034013605437e-06,-1.23829931972789e-05,0.00727989156462599,-3.01619047619045e-06
"18:15:27.385",-0.000261312499999999,-1.04777146875,6.30000000000006e-05,-7.52187499999998e-05,-0.612884531250003,1.26875000000005e-05,1.19687500000007e-05,-0.334144593750004,-3.12499999998578e-07,-0.0002063125,-1.07604596875,-0.000323187499999999,-2.28125000000003e-05,-0.99996184375,-0.00029403125,0.000102156250000002,-1.025421125,-0.000288,-6.23744419642856e-06,-0.0219145682198661,5.11607142857145e-06,-3.92022879464283e-06,-0.00432273356584839,3.02237723214285e-06,-2.39561941964278e-06,0.00728825912388365,2.46969866071436e-06,-2.81601562500001e-06,-0.0194654079520091,-2.5862165178571e-06,8.32645089285691e-07,-0.0196102754743304,1.43741629464285e-06,6.54148995535727e-06,-0.0127628592633929,2.36249999999996e-06
"18:15:27.414",-0.00011444827586207,-0.469204586206897,6.74137931034458e-05,1.24827586206887e-05,-0.76014865517241,5.63103448275861e-05,0.000242482758620691,-0.593047034482762,5.28275862068958e-05,-0.000238793103448276,-0.80902731034483,-0.000321862068965518,-6.90689655172406e-05,-1.1405408275862,-0.000355344827586205,0.000259241379310342,-1.05181044827586,-0.000363068965517242,5.0642835909631e-06,0.0199505821566587,1.52199762187768e-07,3.02418995243753e-06,-0.00507807323870367,1.50423602853743e-06,7.94875891795484e-06,-0.00892767037009509,1.83241676575498e-06,-1.12002080856126e-06,0.00920753994500593,4.57045184303885e-08,-1.59505053507725e-06,-0.00484755116676564,-2.11426129607604e-06,5.41672859690825e-06,-0.000909976664684777,-2.58858501783592e-06
"18:15:27.448",-0.00016,-0.85442397058824,-9.76470588235291e-06,1.8352941176471e-05,-0.636697205882355,-6.27647058823553e-05,0.000211441176470588,-0.632317029411758,-7.38235294117651e-05,-0.000211735294117647,-0.897931264705876,-0.000110205882352941,3.69705882352927e-05,-1.10965502941177,-6.99705882352947e-05,0.000308411764705882,-1.21860817647059,-6.1911764705883e-05,-1.33975659229207e-06,-0.0113299818935689,-2.26995585252349e-06,1.72652428111242e-07,0.00363092497911924,-3.5022073738218e-06,-9.12987710297139e-07,-0.00115499985085285,-3.72503281231355e-06,7.95817921489088e-07,-0.00261482218708961,6.22518195919342e-06,3.11881040448627e-06,0.000908405828659821,8.39335998090913e-06,1.44618780575119e-06,-0.00490581553513908,8.85756472974584e-06
"18:15:27.495",-0.000120978723404255,-0.444148936170213,7.21276595744634e-06,-1.45744680851062e-05,-0.438032446808509,3.46595744680873e-05,0.000100106382978723,-0.630072404255321,4.24893617021282e-05,-8.05744680851061e-05,-0.590360617021278,-0.000109957446808511,6.41702127659578e-05,-0.581605319148932,-0.000117531914893618,0.000191361702127661,-0.735467127659575,-0.000120404255319148,8.30239927569038e-07,0.00872925605144739,3.61222805102112e-07,-7.00583175778238e-07,0.00422690976752865,2.07285702873282e-06,-2.36882539344395e-06,4.77579820518694e-05,2.47474236412539e-06,2.79065587303279e-06,0.00654405633371485,5.28586264745585e-09,5.78715415546066e-07,0.0112351002183583,-1.01194312038985e-06,-2.49042686336641e-06,0.0102795967832131,-1.24452107687798e-06
"18:15:27.527",-0.00018421875,-0.952808406249996,0.000117093750000002,3.51875000000005e-05,-0.886814125000001,7.44374999999999e-05,0.000143437499999999,-1.40853503125,7.06250000000012e-05,-9.61249999999999e-05,-0.895618437500001,-0.000225875,0.000102625,-0.829927437500004,-0.000286812499999999,0.00015046875,-1.06663515625,-0.00030303125,-1.97625083111703e-06,-0.0158956084399932,3.43378075132986e-06,1.55506150265958e-06,-0.0140244274434841,1.24306017287227e-06,1.3540974069149e-06,-0.0243269570935837,8.79238696808532e-07,-4.85954122340431e-07,-0.00953930688996009,-3.62242353723405e-06,1.20171210106383e-06,-0.00776006619847099,-5.29001828457441e-06,-1.27790475398939e-06,-0.0103490008934507,-5.70709358377663e-06
"18:15:27.562",5.37428571428578e-05,-0.780948285714287,0.000154628571428571,0.00024082857142857,-1.12668457142857,6.12285714285716e-05,0.00044117142857143,-1.46977885714286,4.45714285714256e-05,-1.95714285714291e-05,-0.588854971428571,-0.000219571428571428,7.3371428571429e-05,-0.608532714285713,-0.000319057142857144,8.99714285714274e-05,-0.798217771428572,-0.000344628571428572,6.79890306122452e-06,0.00491028915816311,1.07242346938768e-06,5.87545918367343e-06,-0.00685344132653065,-3.77397959183664e-07,8.50668367346943e-06,-0.00174982359693879,-7.44387755102162e-07,2.18724489795916e-06,0.00876467045918373,1.8010204081634e-07,-8.35816326530608e-07,0.0063255635204083,-9.21275510204145e-07,-1.72849489795923e-06,0.00766906813775501,-1.18849489795919e-06
"18:15:27.593",-0.000129354838709678,-1.07001719354839,0.000201322580645163,0.000169709677419355,-1.49309906451613,0.000161548387096771,0.000573096774193547,-1.85352941935484,0.000157419354838713,5.88064516129038e-05,-0.952701677419353,-0.00030358064516129,0.000228870967741934,-1.11412787096774,-0.000401193548387096,0.00074309677419355,-0.887711064516129,-0.000423903225806452,-5.90637728556567e-06,-0.00932480347851932,1.50625836182556e-06,-2.294157871265e-06,-0.0118198223576631,3.23612308607095e-06,4.25565631039087e-06,-0.0123790503939349,3.64025568604153e-06,2.52831871562364e-06,-0.0117369905158317,-2.70997472870522e-06,5.01611416679049e-06,-0.0163095211832912,-2.64956146870813e-06,2.10685595361975e-05,-0.00288688042217926,-2.55724691541549e-06
"18:15:27.623",0.00022,-0.907084133333334,0.000259733333333334,0.000423866666666667,-1.34187623333333,0.000284733333333335,0.000942133333333336,-1.3040161,0.000291666666666664,-5.86333333333337e-05,-0.709940600000001,-0.000146466666666667,8.66666666666664e-05,-0.643713366666668,-5.94000000000002e-05,0.000287233333333333,-0.824249266666667,-4.0866666666665e-05,1.16451612903226e-05,0.0054311020071684,1.9470250896057e-06,8.47189964157705e-06,0.0050407610394266,4.10616487455213e-06,1.2301218637993e-05,0.0183171106451614,4.47491039426503e-06,-3.91465949820792e-06,0.0080920359139784,5.23713261648745e-06,-4.7401433691756e-06,0.0156804834767024,1.13931182795699e-05,-1.51954480286739e-05,0.00211539326164873,1.27678853046596e-05
"18:15:27.653",-2.06666666666596e-06,-1.0100525,0.00018533333333333,0.000375099999999999,-0.824930833333334,0.000198833333333333,0.000687833333333332,-1.0516317,0.000205633333333333,-7.76666666666703e-06,-0.907749433333333,-0.000117466666666666,0.0003415,-0.902280699999998,-0.000223666666666666,0.000698733333333331,-0.981573466666665,-0.000251433333333334,-7.40222222222219e-06,-0.0034322788888888,-2.48000000000014e-06,-1.62555555555561e-06,0.0172315133333332,-2.86333333333339e-06,-8.47666666666679e-06,0.00841281333333327,-2.86777777777772e-06,1.69555555555556e-06,-0.00659362777777775,9.66666666666708e-07,8.49444444444446e-06,-0.008618911111111,-5.47555555555554e-06,1.37166666666666e-05,-0.00524413999999992,-7.01888888888897e-06
"18:15:27.687",-1.71470588235294e-05,-0.747964294117647,0.000189911764705884,0.000289411764705884,-0.81628417647059,0.000452088235294118,0.000550676470588237,-1.18441052941177,0.000521147058823531,4.22647058823536e-05,-0.489993823529413,-8.81176470588235e-05,0.000246235294117648,-0.549670029411767,-0.000162970588235295,0.000480558823529415,-0.622143911764708,-0.000183,-4.43540945790102e-07,0.00770847664359856,1.34659746251581e-07,-2.52024221453277e-06,0.000254313437139504,7.44867358708191e-06,-4.03402537485575e-06,-0.0039052596885814,9.27981545559406e-06,1.47151095732414e-06,0.0122869297001153,8.63206459054184e-07,-2.80190311418682e-06,0.0103709020761245,1.78517877739329e-06,-6.416897347174e-06,0.0105714574971164,2.01274509803923e-06
"18:15:27.717",6.48e-05,-1.0299113,0.000291866666666666,0.000439399999999997,-0.896628833333333,0.000433666666666666,0.0008431,-1.04640706666667,0.000473133333333335,-0.000176633333333333,-0.998586033333334,-6.61000000000004e-05,0.000174033333333334,-0.526867699999999,-0.0001366,0.000291833333333332,-0.807761633333333,-0.000158666666666666,2.73156862745098e-06,-0.00939823352941174,3.39849673202608e-06,4.99960784313709e-06,-0.00267815522875809,-6.1405228758176e-07,9.74745098039213e-06,0.00460011542483671,-1.60045751633986e-06,-7.29660130718956e-06,-0.0169530736601307,7.33921568627436e-07,-2.4067320261438e-06,0.000760077647058928,8.79019607843165e-07,-6.29084967320276e-06,-0.00618725738562084,8.11111111111131e-07
"18:15:27.750",-0.000178727272727273,-0.809921727272726,0.000340333333333333,0.000180727272727275,-1.02207806060606,0.000479848484848486,0.000668333333333331,-1.02305278787879,0.000517515151515149,0.000139121212121212,-0.391958515151514,-6.1272727272728e-05,0.000347969696969694,-0.726553242424243,-0.000142939393939393,0.000744999999999999,-0.673245515151514,-0.000164424242424242,-7.37961432506889e-06,0.00666635068870527,1.46868686868687e-06,-7.83856749311279e-06,-0.00380149173553717,1.39944903581275e-06,-5.29595959595967e-06,0.000707705417814538,1.34490358126711e-06,9.56831955922863e-06,0.0183826520661157,1.46280991735528e-07,5.27079889807151e-06,-0.00605107704315893,-1.92102846648284e-07,1.37323232323232e-05,0.00407624600550967,-1.74471992653812e-07
"18:15:27.783",-4.24242424242007e-07,-1.06350984848485,0.000397515151515154,0.000367242424242424,-1.02416254545455,0.000521999999999999,0.000947878787878787,-0.988630818181818,0.000556030303030305,-0.000172393939393939,-1.09124384848485,7.74545454545455e-05,0.000115727272727273,-0.446464757575758,-6.64545454545455e-05,0.000286606060606063,-0.535311636363638,-0.000105545454545455,5.40312213039488e-06,-0.00768448852157958,1.73278236914608e-06,5.65197428833784e-06,-6.31662075298856e-05,1.27731864095493e-06,8.47107438016532e-06,0.0010430899908172,1.16712580348956e-06,-9.4398530762167e-06,-0.0211904646464646,4.20385674931132e-06,-7.0376492194673e-06,0.0084875298438935,2.31772268135902e-06,-1.38907254361799e-05,0.00417981450872352,1.78420569329658e-06
"18:15:27.814",-6.36129032258065e-05,-0.324921645161288,0.000349870967741933,9.48709677419346e-05,-0.932148580645162,0.000543645161290323,0.000640838709677421,-0.822484161290324,0.000593322580645161,-8.49032258064515e-05,-0.254242935483871,-9.90967741935472e-05,1.82258064516141e-05,-0.944662774193548,9.09677419354853e-06,0.000728516129032256,-0.265449741935483,4.48709677419347e-05,-2.03834389682466e-06,0.0238254259136633,-1.53690915397488e-06,-8.78617601614482e-06,0.00296819241320594,6.98231009365287e-07,-9.90451865165697e-06,0.00535956957714498,1.20297669725343e-06,2.82228108346735e-06,0.0270000294516444,-5.6952038596159e-06,-3.14520858953739e-06,-0.0160709037618642,2.4371393434869e-06,1.42551634976191e-05,0.00870522240090823,4.85214265443192e-06
"18:15:27.847",-0.000303969696969697,-1.04079921212121,0.000343151515151515,0.000303030303030303,-0.833037393939394,0.000618939393939395,0.000843666666666667,-0.861235666666665,0.000693939393939395,-0.000185484848484848,-0.791625969696973,7.58181818181819e-05,0.00022839393939394,-0.580727333333333,-4.86666666666666e-05,0.000558515151515151,-0.518101575757576,-7.99090909090909e-05,-7.28353920436033e-06,-0.0216932596048463,-2.03619775467195e-07,6.30785864510208e-06,0.00300336929411419,2.28164341360824e-06,6.14630172694684e-06,-0.00117428804170729,3.04899434224951e-06,-3.04792795995141e-06,-0.016284334370094,5.30045321247664e-06,6.3687313012826e-06,0.0110283466927338,-1.7504072987944e-06,-5.15154477324561e-06,-0.00765611617642707,-3.78121389851593e-06
"18:15:27.895",-0.000158479166666667,-0.460047416666666,0.000376208333333334,0.000252687499999999,-0.631422687499999,0.000568520833333334,0.000697604166666666,-0.723115270833335,0.000626062499999999,-7.10208333333338e-05,-0.286355333333333,0.000264958333333332,0.000283208333333333,-0.458404541666667,-1.59583333333343e-05,0.000519895833333335,-0.486053458333333,-8.79791666666662e-05,3.03105271464647e-06,0.0120989957386364,6.88683712121219e-07,-1.04880839646468e-06,0.00420030638415406,-1.05038667929294e-06,-3.04296875000001e-06,0.0028775082465277,-1.41410195707075e-06,2.38466698232321e-06,0.0105264715909092,3.9404198232323e-06,1.14196654040403e-06,0.00254839149305554,6.8142361111109e-07,-8.04569128787838e-07,0.000667669113005061,-1.68126578282818e-07
"18:15:27.927",-0.00023359375,-0.838821406249998,0.000733375000000001,0.000196375000000002,-0.79862975,0.000608124999999998,0.0008313125,-0.662679687499999,0.000576406250000001,-0.0005158125,-1.29318046875,0.000445187500000001,5.41249999999986e-05,-0.693660718749999,0.00035628125,0.00040021875,-0.764335625000001,0.000328874999999999,-2.34733072916667e-06,-0.0118366871744791,1.11614583333334e-05,-1.7597656249999e-06,-0.00522522070312503,1.23763020833325e-06,4.17838541666669e-06,0.00188861197916675,-1.55175781249992e-06,-1.38997395833333e-05,-0.0314632854817708,5.6321614583334e-06,-7.15885416666671e-06,-0.00735175553385414,1.16324869791667e-05,-3.73990885416669e-06,-0.00869631770833338,1.30266927083333e-05
